material_id,formula,band_gap,poly_total,poly_electronic,poly_ionic,n,density,volume
mp-441,Rb2Te,-0.14925646951886445,-0.44002132692422535,-0.29183218462991256,-0.367843386589211,-0.5006391258728978,-0.6465512076828842,-0.07105405153527
mp-22881,CdCl2,0.8730830502230689,-0.4142827569878828,-0.3132901560201029,-0.3073102614362123,-0.5703070334859678,-0.3451458661544812,-0.8433268637805367
mp-28013,MnI2,-0.5918546762364087,-0.21300714008568403,-0.17457969810494378,-0.14433646294736968,-0.17842505316244994,0.32688795658522496,-0.5964790590275338
mp-567290,LaN,-0.6230235640334187,0.1653498379785514,-0.015943981041750686,0.26542623039600605,0.18733146180616667,0.9431237333987147,-0.8036420479016919
mp-560902,MnF2,0.4678875088619368,-0.39420667243753565,-0.3753650018274393,-0.21418237658544514,-0.788019244776811,-0.27592272647158095,-0.8584399387560899
mp-22894,AgI,-0.448477792370162,-0.39214758684262824,-0.17457969810494378,-0.4144073290145946,-0.17842505316244994,0.6845708116740118,-0.20650073446447767
mp-1747,K2Te,0.012821747025588514,-0.4405360983229522,-0.2895331162666779,-0.3709476494175699,-0.5006391258728978,-1.0407335364226549,-0.276780139526118
mp-971,K2O,-0.25523068802869897,-0.2850751359074432,-0.31175744377794645,-0.11406990037087036,-0.5703070334859678,-1.1360876621676717,-1.0079332436333897
mp-1500,BaS,0.01905552458499041,0.008859332765588715,-0.18684139604219538,0.20256490812173827,-0.2132590069689849,-0.004723845895716435,-1.0177845810662143
mp-2784,Na2Te,-0.06198358368723594,-0.35508404613429495,-0.22439284597502854,-0.30808632714330203,-0.30905237993695583,-0.7571883642669829,-0.6964867694479373
mp-2693,SnSe,-1.246401319973622,1.5917813838506558,2.9467887830466766,-0.5843657188672448,3.7665202154276294,1.0174412166946425,-1.1361368239671061
mp-1672,CaS,0.16243240845123713,-0.13836528727029065,-0.1730469858627873,-0.03335906683353877,-0.17842505316244994,-0.971810064011109,-1.229477818696146
mp-2530,Li2Te,0.23723773916406157,-0.327286390603045,-0.17457969810494378,-0.31662304992128903,-0.17842505316244994,-0.4844312138800746,-0.994901744800129
mp-1186,ZrS2,-0.666660006949233,1.0873054130983415,0.061457987187150336,1.5769772753776445,0.3527927423872075,-0.5271038333209619,-0.9080378453435488
mp-8426,K2Se,-0.018347140771421813,-0.4328145273420495,-0.3025611703250078,-0.3461135467906987,-0.5354730796794328,-1.1689311951081298,-0.5105999712953414
mp-568264,SiSe2,0.01905552458499041,-0.5126040941447114,-0.2604115836657052,-0.5090873452795414,-0.41355424135656066,-0.7773859383562793,0.4865024764750176
mp-1315,MgS,0.3993159557085143,0.06393987242936179,-0.14162638489857995,0.23981606206204506,-0.10004865709774649,-0.9398655328847146,-1.341941920664197
mp-567259,CdI2,0.1873675186888453,-0.20991851169332298,-0.1929722450108212,-0.1210544917346779,-0.22196749542061844,0.5415695897836222,-0.48223405019767246
mp-27934,CdBr2,0.511523951777751,-0.37567490208336896,-0.2841686234191303,-0.27859583027389245,-0.48322214896963056,0.1352807032811278,0.39498147583993604
mp-2114,YN,-1.227699987295416,5.417047647789886,0.627028804542882,7.531729445877119,1.3020179836152843,0.9325754454470347,-1.4034125225101186
mp-8177,HgF2,-0.7165302274244493,-0.1244664595046657,-0.2611779397867835,0.07684226357320244,-0.41355424135656066,2.7488587771269426,-1.2452649050846336
mp-2097,SnO,-1.0656217707509632,0.20344292148433848,0.0032149219852049987,0.3034534500434027,0.23087390406433556,1.0522026201717698,-0.9358791592625652
mp-604884,BN,1.4341230305692516,-0.49922003777781326,-0.2611779397867835,-0.4881335711881187,-0.41355424135656066,-1.2338391260835249,-1.3112835896011807
mp-617,PtO2,-0.32380224118212125,-0.282501278913809,0.014710263801378437,-0.4407935630556453,0.25699936941923657,3.00375575814112,-1.2880420039527603
mp-1022,K2S,0.12502974309482492,-0.43332929874077625,-0.31788829274657227,-0.33136829835599385,-0.5877240103892353,-1.4540346370748456,-0.6411898014657548
mp-422,BeS,0.6361995029657918,-0.38699987285535975,-0.15235537059367518,-0.42915257744929947,-0.1261741224526475,-1.0976103845257479,-1.41164569961246
mp-23205,MgI2,0.9354208258170892,-0.41479752838660966,-0.27420599384511335,-0.34766567820487815,-0.44838819516309564,-0.17643319238187152,-0.4906327549623349
mp-22867,RbBr,1.2907461467030052,-0.4678189824554754,-0.36770144061665705,-0.3329204297701733,-0.7531852909702761,-0.6127487394740913,-0.8178345535807103
mp-22877,VCl2,-0.5419844557611924,-0.4940723237905448,-0.25504709081815763,-0.48658143977393925,-0.39613726445329317,-0.787394825219521,-0.9858149650350632
mp-648,Na2S,0.19983507380764937,-0.39832484362735043,-0.286467691782365,-0.3104145242645712,-0.49193063742126414,-1.4143586903475036,-0.9805665502050634
mp-570259,MgCl2,2.1510074499004856,-0.4920132381956373,-0.3531406743161708,-0.38414076643809525,-0.7096428487121074,-1.2478635543829177,-0.9376436061153617
mp-762,PtS2,-0.3612049065385335,-0.19962308371878593,0.22162641649249987,-0.5253847251284256,0.6488813497427546,1.2086289358188433,-0.9964893988407458
mp-1105,BaO2,0.06892574506020671,0.12004995489058855,-0.28570133566128675,0.470307577067694,-0.48322214896963056,0.7223288878646851,-1.1734927918474376
mp-2352,Na2O,-0.15549024707826636,-0.3710419594948273,-0.3048602386882424,-0.2506574648186623,-0.5441815681310666,-1.1006070572392932,-1.2593259210961538
mp-1115,PtSe2,-0.8038031132560777,0.06291032963190811,0.6155334627267087,-0.5284889879567845,1.2846010067120168,2.178532026284969,-0.9393614964662862
mp-1569,Be2C,-0.5918546762364087,0.0073150185694081955,-0.0190094055260636,0.030278321147818855,0.18733146180616667,-1.034140856452855,-1.5009058190323137
mp-28306,MnBr2,-0.32380224118212125,-0.33552273298267465,-0.2749723499661916,-0.22737549360597048,-0.4570966836147293,-0.216348872926297,-0.7518259164897912
mp-2286,Li2Se,0.5302252844559572,-0.35714313172920237,-0.22439284597502854,-0.31119058997166094,-0.30905237993695583,-0.8148443472755976,-1.148962967817775
mp-23209,SrCl2,1.9390590128808165,-0.32419776221068386,-0.3347481274102933,-0.1497689228969978,-0.6399749410990374,-0.7062449281367099,-0.8104740494525907
mp-1285,PtO2,-0.9222448868847163,0.3944231104120003,1.0799452721001144,-0.4989984910873748,1.9029036867780116,4.232930971783198,-1.0205724227645152
mp-241,CdF2,0.4865888415401428,-0.29640010667943395,-0.3408789763789191,-0.10165284905743473,-0.6661004064539389,1.1041649250246481,-1.283595777558941
mp-2251,Li3N,-0.7102964498650473,-0.21043328309204984,-0.09564501763388635,-0.22039090224216287,0.013161692773492292,-1.7370404081420794,-1.2480912615668966
mp-984,BN,1.4715256959256642,-0.5198108937268873,-0.28186955505589556,-0.4982224253802851,-0.4745136605179968,-1.336864733975218,-1.2763310942971537
mp-1266,Na2Se,-0.06198358368723594,-0.3736158164884616,-0.2519816663338447,-0.30808632714330203,-0.3874287760016594,-0.964078648410162,-0.8825591044990925
mp-570538,NaN3,1.1349017077179542,-0.49510186658799843,-0.3776640701906741,-0.3639630580537624,-0.7967277332284447,-1.4344363975282581,-1.0908316233721511
mp-2659,LiN3,0.9478883809358933,-0.24595250960420253,-0.343944400863232,-0.02249414693428255,-0.6748088949055726,-1.4364142015191983,-1.242599863035608
mp-8062,SiC,-0.46717912504836795,-0.22742073925003592,-0.0190094055260636,-0.32360764128509656,0.18733146180616667,-0.6091527322178368,-1.4933391041596036
mp-1778,BeO,2.948930977503945,-0.3900885012477208,-0.31712193662549404,-0.26695484466754654,-0.5877240103892353,-0.7288398403968428,-1.5654290505540625
mp-13150,BN,1.4154216978910454,-0.5084859229548966,-0.269607857118644,-0.4935660311377468,-0.4396797067114619,-1.2744740080792014,-1.5035929744541705
mp-830,GaN,-0.34250357386032737,-0.19653445532642477,-0.0887478125441823,-0.20642171951454782,0.03057866967675977,1.039616594774879,-1.467872710798572
mp-1479,BP,-0.5482182333205945,-0.2835308217112627,0.14805622886898995,-0.5773811275034373,0.5182540229682483,-0.7397477290741482,-1.467675333378338
mp-22925,AgI,-0.46717912504836795,-0.3839112444629986,-0.17074791749955268,-0.40587060623660765,-0.169716564710816,0.6817539393232793,-0.9570939129111907
mp-2646,Mg3Sb2,-1.1840635443796017,0.9061058807464902,0.5787483689149538,0.7799577941964948,1.2323500760022144,-0.14988267213985854,-0.3383297792201058
mp-13033,MgTe,0.12502974309482492,-0.3499363321470264,-0.13396282368779772,-0.3919014235089926,-0.07392319174284509,-0.3200936822692412,-0.9998436162861674
mp-760,FeSe2,-1.0967906585479734,1.1351791531799387,1.4907121529980443,0.20178884241464856,2.3818705516178666,1.740358542110351,-0.6807134065210291
mp-1522,FeS2,-0.7788680030184696,0.6538678953703332,1.058487300709924,-0.08613153491564017,1.8767782214231103,0.42338081796138927,-0.8728715171574584
mp-12779,CdTe,-0.9347124420035203,-0.1203482883148509,0.14192537990036413,-0.32515977269927604,0.5095455345166148,0.7667995109336995,-0.21152102680585844
mp-559798,NiF2,1.6710065778265288,-0.493042780993091,-0.36310330389018775,-0.37560404366010824,-0.7444768025186423,0.2807991302508961,-1.0006528006186914
mp-7991,BN,1.272044814024799,-0.5280472361065169,-0.2902994723877561,-0.5021027539157338,-0.5006391258728978,-1.378338684330687,-1.2604675210597087
mp-1602,SiS2,0.5925630600499773,-0.5537858060428595,-0.3148228682622594,-0.5160719366433488,-0.5790155219376015,-1.5414176134018314,0.2382507930985474
mp-22903,RbI,1.0351612667675216,-0.4678189824554754,-0.34777618146862316,-0.35309813815450625,-0.6835173833572064,-0.49557883637446354,-0.6311762546197698
mp-2815,MoS2,-0.5544520108799965,-0.25830702317364695,0.17334598086457148,-0.5649640761900017,0.5617964652264172,-0.07994033100570748,-0.36218632575627135
mp-1153,Li2S,0.7920439419508425,-0.37876353047573014,-0.25964522754462704,-0.30808632714330203,-0.4048457529049269,-1.5327871959868207,-1.2281881172501607
mp-23295,RbCl,1.695941688064137,-0.46987806805038274,-0.3807294946749869,-0.32283157557800685,-0.8054362216800784,-0.9079210017583198,-0.9372915138733872
mp-1415,CaSe,-0.024580918330823712,-0.11880397411867027,-0.12476655023485898,-0.05276070951078194,-0.05650621483957761,-0.27598265992585175,-1.164204474518452
mp-827,KN3,1.272044814024799,-0.4410508697216791,-0.36616872837450065,-0.2941171444156869,-0.7531852909702761,-1.3508292288203396,-0.27768679909904154
mp-2341,Li3N,-0.5606857884393985,-0.0848290618026981,-0.12783197471917188,0.0015638899854989513,-0.06521470329121154,-1.5170246975135715,-0.9915783803108916
mp-23268,NaI,0.8793168277824708,-0.3303750189954061,-0.30026210196177305,-0.19400466820111217,-0.5267645912277991,-0.3682801795030523,-0.9934928134118794
mp-2469,CdS,-0.666660006949233,-0.2207287110665868,-0.07878518297016536,-0.2529856619399315,0.047995646580027244,0.2336315017396902,-1.1707064567325272
mp-1087,SrS,0.23723773916406157,-0.14969025804228142,-0.199103093979447,-0.02404627834846204,-0.2393844723238859,-0.37211592057639037,-1.1366814401262946
mp-1986,ZnO,-0.9284786644441184,-0.17645837077607765,-0.09487866151280813,-0.16994663128133067,0.013161692773492292,0.7540336851739957,-1.4541330244897195
mp-2667,CsAu,-0.6853613396274392,-0.23514231023093862,-0.1730469858627873,-0.1792594197664074,-0.17842505316244994,1.3949620451471005,-0.8454766695360337
mp-2691,CdSe,-1.0032839951569428,-0.09512448977723519,0.13119639420526905,-0.27626763315262326,0.48342006916171376,0.6676695775696154,-1.093332566958988
mp-23210,MgCl2,2.1821763376974954,-0.4997348091765401,-0.35697245492156193,-0.3919014235089926,-0.7183513371637411,-1.2776504811555593,-0.918993058508797
mp-13031,MgSe,0.26840662696107165,-0.3880294156528134,-0.199103093979447,-0.3833647007310056,-0.2393844723238859,-0.606395793321375,-1.1543209263307834
mp-22916,NaBr,1.2284083711089846,-0.38494078726045233,-0.33934626413676267,-0.23668828209104714,-0.6573919180023049,-0.6388797255362079,-1.1467761373386276
mp-1519,CaTe,-0.3549711289791314,-0.09358017558105457,-0.050430006490270934,-0.09001186345108879,0.11766355419309714,0.04034611171600774,-1.0368720597191186
mp-8041,Rb2S,-0.09938624904364816,-0.420460013772605,-0.31175744377794645,-0.31817518133546846,-0.5703070334859678,-0.8313260472000976,-0.472585711131214
mp-22904,CaCl2,2.0138643435936405,-0.39214758684262824,-0.3454771131053885,-0.24134467633358556,-0.6835173833572064,-1.2477436874743755,0.0891264573426417
mp-23714,SrH2,0.6424332805251937,-0.13064371628938787,-0.242785392880906,0.048903898117972314,-0.36130331064675825,-0.5208108206225164,0.13380238294210656
mp-23713,CaH2,0.5676279498123692,-0.16461862860536006,-0.2144302164010116,-0.031030869712269572,-0.28292691458205477,-1.3351266638013612,-0.24341048377325525
mp-510557,CsN3,1.309447479381211,-0.40038392922225785,-0.360804235526953,-0.23824041350522662,-0.7357683140670086,-0.6174834823614933,0.18106204684304122
mp-841,Li2O2,-0.09315247148424613,-0.29125239269216546,-0.3132901560201029,-0.1218305574417676,-0.5703070334859678,-1.1560455024398846,-1.0160378639476368
mp-568619,SiC,-0.2302955777910908,-0.2207287110665868,-0.012878556557437774,-0.31972731274964794,0.1960399502578006,-0.6070550613183548,-0.6318885288854077
mp-23711,MgH2,0.9416546033764911,-0.19241628413661005,-0.2450844612441407,-0.04189578961152572,-0.37001179909839216,-1.64018794604029,-0.47092637813829213
mp-743,RbN3,1.278278591584201,-0.44362472671531333,-0.3669350844955789,-0.29722140724404583,-0.7531852909702761,-0.9075614010326944,-0.08204012820004888
mp-29145,H3N,1.3780190325346335,-0.6068072601117251,-0.38762669976469094,-0.5222804623000666,-0.8315616870349797,-2.0030850116506462,-0.33364221743204425
mp-32780,AuCl,-0.15549024707826636,-0.5110597799485308,-0.20523394294807284,-0.5626358790687325,-0.25680144922715337,1.5863894980883848,0.6108730825441467
mp-736,Li3P,-0.884842221528304,-0.17336974238371652,-0.028972035100080548,-0.2320318878485088,0.16120599645126565,-1.6329359980735099,-0.5009457018298168
mp-23715,BaH2,0.4678875088619368,-0.15689705762445727,-0.22899098270149792,-0.004644635671218869,-0.32646935684022327,-0.04817560024212557,0.6055924766185837
mp-24972,Fe2O3,-0.3674386840979355,0.2621268609391995,-0.07955153909124357,0.4757400370173221,0.047995646580027244,0.5054896503125348,-0.6263195458654123
mp-23189,BI3,0.34944573523329825,-0.6093811171053594,-0.34317804474215374,-0.5711726018467195,-0.6748088949055726,-0.650566749119035,2.596332732810218
mp-23214,CaCl2,2.0387994538312486,-0.3916328154439014,-0.34471075698431025,-0.24134467633358556,-0.6748088949055726,-1.2383940686081139,0.07592509642237275
mp-29443,PI2,-0.11808758172185427,-0.541946063872142,-0.2650097203921746,-0.5486666963411174,-0.4222627298081944,-0.5121804032075056,1.2056061200771535
mp-22909,ZnCl2,1.2034732608713765,-0.493042780993091,-0.33551448353137153,-0.40354240911533845,-0.6486834295506714,-0.8583560350762778,-0.021714042293022075
mp-352,HfO2,1.1847719281931701,0.20447246428179217,-0.18684139604219538,0.4974698768158344,-0.2132590069689849,3.4647039549386833,-0.268623180840988
mp-19128,CoO,-0.8786084439689021,-0.25676270897746645,-0.11940205738731137,-0.26617877896045683,-0.03908923793631013,0.5507993417413426,-1.2084796165604137
mp-29266,CsS,-0.25523068802869897,-0.4590678686771188,-0.3255518539573546,-0.3624109266395829,-0.6138494757441364,-0.6534435549240389,0.10794423294316784
mp-9252,HgS,-0.267698243147503,-0.12601077370084623,-0.05119636261134915,-0.13812793729065187,0.11766355419309714,1.6830621598273614,-0.007543809367285626
mp-224,WS2,-0.3487373514197294,-0.28147173611635523,0.15342072171653756,-0.5797093246247065,0.5269625114198823,1.4321807202493346,-0.4230959346049479
mp-7140,SiC,0.11256218797602084,-0.21609576847804515,-0.012878556557437774,-0.3127427213858404,0.1960399502578006,-0.6093325325806495,-1.277636281862974
mp-1821,WSe2,-0.4173089045731518,-0.2325684532373044,0.22239277261357807,-0.5758289960892577,0.6575898381943881,2.200048136368225,-0.22555009547779545
mp-568018,RbSb2,-1.1528946565825915,-0.061664348859989844,0.15801885844300698,-0.2529856619399315,0.5356709998715158,0.06318075779322421,0.9050397026424211
mp-2793,AuSe,-1.1591284341419936,-0.17954699916843878,0.2691404959993499,-0.5432342363914893,0.7359662342590916,2.4195843793625667,-0.5646579240269819
mp-22917,CuBr,-0.7040626723056452,-0.16513340000408688,-0.18760775216327366,-0.058969235167499766,-0.2132590069689849,0.5806462019682551,-0.7600596334223846
mp-471,CdAs2,-1.227699987295416,0.3841276824374631,0.6086362576370046,-0.03723939536898739,1.2758925182603829,0.7820226083185106,-0.0803208100425174
mp-9254,Al2Te5,-0.672893784508635,0.19778043609834314,0.1350281748106601,0.16143342564598265,0.4921285576133473,0.16189115697741177,0.9384811171317772
mp-558071,RbS,-0.2614644655881009,-0.48635075280964196,-0.3378135518946062,-0.39112535780190283,-0.6573919180023049,-0.987752362847171,-0.1301411609578356
mp-602,Te2Mo,-0.7165302274244493,0.024302474727394285,0.535832426134573,-0.5059830824511824,1.1626821683891446,1.6432064127372066,0.019482783408306007
mp-556520,CoF2,0.5925630600499773,-0.4395065555254985,-0.3554397426794054,-0.302653867193674,-0.7096428487121074,0.1473273275895807,-0.9632162837905264
mp-8882,GaP,-0.5108155679641823,-0.11674488852376293,0.23771989503514257,-0.4167355261358638,0.6837153035492896,-0.10589151670501089,-0.8526029694295822
mp-8884,ZnTe,-0.6354911191522228,-0.16770725699772118,0.11586927178370442,-0.3701715837104802,0.45729460380681236,0.7325175750907393,-0.4922252485984479
mp-22888,CaBr2,1.5026945837226742,-0.3669237883050125,-0.31558922438333764,-0.2335840192626883,-0.5790155219376015,-0.575290330554773,0.4035867124083282
mp-1634,MoSe2,-0.4360102372513579,-0.15689705762445727,0.26147693478856765,-0.501326688208644,0.7185492573558241,0.902668651765851,-0.18800779525692696
mp-556911,FeF2,0.6985372785598121,-0.41840092817769764,-0.3700005089798918,-0.25608992476829034,-0.7706022678735436,-0.08167840117956353,-0.9188631061880131
mp-1873,ZnF2,0.8481479399854607,-0.3416999897673968,-0.3592715232847966,-0.15132105431117723,-0.7270598256153749,0.2917070189282012,-0.9546204255051614
mp-8880,AlP,-0.09938624904364816,-0.2191843968704063,0.07371968512440198,-0.40509454052951793,0.37020971929047497,-1.1267380433014098,-0.8521611682873129
mp-380,ZnSe,-0.5731533435582026,-0.22536165365512847,-0.005214995346655527,-0.33447256118435276,0.21345692716106807,0.521372015694326,-0.7354358463202012
mp-28248,CdI2,0.15619863089183525,-0.2335979960347581,-0.20523394294807284,-0.14433646294736968,-0.25680144922715337,0.47666165880822753,0.7978580479014725
mp-8881,AlAs,-0.267698243147503,-0.16616294280154056,0.17257962474349325,-0.4252722489138508,0.5617964652264172,-0.35707262355439207,-0.7411915728055439
mp-1591,Al4C3,-0.49834801284537816,0.15711349559892177,0.070654260640089,0.16531375418143135,0.37020971929047497,-0.7526933551966647,-0.8714023731272922
mp-1818,SiF4,3.491269625171922,-0.649018514807327,-0.43054264254507174,-0.5424581706843996,-1.0057314560676542,-1.3265561798406216,-0.8096358979370488
mp-28266,P2Pd,-1.034452882953953,0.48399333379047227,1.1765061433559711,-0.46174733714706795,2.0161140366492503,0.7458228019388811,-0.6517492587692078
mp-684,BaS2,-0.3362697963009253,-0.23050936764239696,-0.1738133419838655,-0.1714987626955101,-0.17842505316244994,-0.30822685832360114,0.16177075876650765
mp-555934,VF2,0.08139330017901078,-0.5311358644988781,-0.3654023722534224,-0.43070470886347895,-0.7531852909702761,-0.28707034896596995,-0.8909314768946797
mp-8560,SF6,2.281916778647928,-0.6500480576047806,-0.42441179357644593,-0.5502188277552968,-0.979605990712753,-1.1565249700740519,-0.6056281329563649
mp-560588,ZnS,-0.024580918330823712,-0.29228193548961917,-0.1086730716922162,-0.3305922326489041,-0.021672261033042657,-0.1170391391994004,-0.8764323541760969
mp-566755,NiF2,1.6772403553859312,-0.493042780993091,-0.36233694776910946,-0.37638010936719796,-0.7357683140670086,0.29242622037945204,-1.0035957888532103
mp-22003,NaN3,1.1847719281931701,-0.5023086661701743,-0.3784304263117523,-0.3740519122459288,-0.7967277332284447,-1.4315595917232546,-1.0924871155049887
mp-23267,BeCl2,2.6247745444150397,-0.6011447747257298,-0.3784304263117523,-0.5230565280071564,-0.7967277332284447,-1.5154664277025278,-0.06542475584660054
mp-927,CuP2,-0.7851017805778717,0.09945909894151458,0.693701787076688,-0.552547024876566,1.3978113565832553,0.05922514981134383,0.28835605664272373
mp-487,MnP4,-1.0531542156321592,0.5287784454797084,0.939702101942799,-0.15442531713953614,1.728733917745337,-0.0776628597434129,-0.2057075073289847
mp-29504,ClF,-0.043282251009029965,-0.4971609521829059,-0.33857990801568444,-0.40664667194369736,-0.6573919180023049,-1.2561943045265738,0.06724892994142488
mp-505366,AuBr,-0.267698243147503,-0.4842916672147346,-0.18684139604219538,-0.5409060392702202,-0.2132590069689849,1.8117392861470036,0.9104302254918434
mp-27455,YCl3,1.7520456860987552,-0.5074563801574429,-0.3554397426794054,-0.40509454052951793,-0.7096428487121074,-1.1311731189174572,1.1870226045435968
mp-7446,Rb2S3,-0.49834801284537816,-0.3648647027101051,-0.27727141832942626,-0.26928304178881574,-0.46580517206636307,-0.8556590296340868,1.5928239709044671
mp-7447,Rb2Se3,-0.9035435542065103,-0.28558990730617007,-0.13472917980887592,-0.2941171444156869,-0.08263168019447902,-0.2451169309763335,1.972915824203391
mp-7449,Cs2Se3,-0.8599071112906961,-0.32110913381832284,-0.18837410828435186,-0.2933410787085972,-0.2132590069689849,-0.05632655002296887,2.4801743114511234
mp-7048,Al2O3,1.45905814080686,-0.2984591922743413,-0.3132901560201029,-0.13269547734102377,-0.5703070334859678,-0.40567865496809963,-0.718281968437584
mp-7029,SiO2,2.113604784544073,-0.5527562632454057,-0.38379491915929986,-0.444673891591094,-0.8141447101317122,-1.2039922658566118,0.17277031626135933
mp-554151,SiO2,2.250747890850918,-0.5681994052072112,-0.39069212424900396,-0.46097127143997824,-0.8402701754866134,-1.2741144073535757,0.2795433405605943
mp-27397,IrBr3,-0.3487373514197294,-0.4775996390312855,-0.16001893180445745,-0.5579794848261941,-0.143591099355915,1.0439917369366554,0.7756804254517126
mp-239,BaS3,-0.46717912504836795,-0.061664348859989844,-0.10024315436035568,0.008548481349306481,0.004453204321858362,-0.2586019581872881,0.41168900649382273
mp-8943,PtF4,-0.46094534748896604,-0.4920132381956373,-0.20906572355346403,-0.5300411193709639,-0.26550993767878733,1.422291700294635,-0.29969708276600315
mp-2604,MgTe2,-0.6230235640334187,-0.00040655241149458913,0.24385074400376838,-0.24755320199030337,0.6924237920009231,0.5878382164807645,1.9802823428237049
mp-8723,AsF5,1.546331026638488,-0.6397526296302436,-0.4159818762445854,-0.5432342363914893,-0.9447720369062181,-0.8388776624382321,0.37014622660022534
mp-28099,SBr,0.06892574506020671,-0.49149846679691045,-0.3017948142039295,-0.4353611031060173,-0.5354730796794328,-1.050502689468813,1.4286912307409543
mp-2068,RhF3,-0.7851017805778717,-0.26293996576218864,0.10437392996753098,-0.5021027539157338,0.4311691384519113,0.6638338364962776,-0.6789463040191905
mp-8262,K2P3,-0.8786084439689021,-0.32419776221068386,-0.18760775216327366,-0.2987735386582253,-0.2132590069689849,-1.3616172505891033,1.3386966140603709
mp-1106,Sr2Si,-1.1030244361073753,0.8947809099744992,0.7373840859781469,0.6022387472729475,1.4587707757446915,-0.4994145774478019,2.4266397303517766
mp-568536,BaI2,0.5800955049311732,0.15351009580783398,-0.2228601337328721,0.4571144600471686,-0.30905237993695583,0.47066831338113674,2.315285885881784
mp-2400,NaS,-0.5544520108799965,-0.33706704717885516,-0.242785392880906,-0.26229845042500816,-0.36130331064675825,-1.3018635966810068,0.15487657174063754
mp-2552,TeO3,-0.6043222313552128,0.009888875563042488,-0.13472917980887592,0.15134457145381627,-0.08263168019447902,1.0842070847524354,-0.7101770524834504
mp-6949,InF3,1.1847719281931701,-0.44671335510767446,-0.3807294946749869,-0.28790861875896917,-0.8054362216800784,0.15481900937344445,-0.3907715627252078
mp-8511,PF5,3.098541638929594,-0.6505628290035075,-0.4251781496975241,-0.5502188277552968,-0.9883144791643867,-1.1389045345184043,0.16987969080649062
mp-22896,LaCl3,0.9541221584952952,-0.23462753883221177,-0.2688415009975657,-0.08147514067310177,-0.4396797067114619,-0.28053760245044085,0.5403166333102832
mp-8289,SnF3,0.3743808454709064,-0.30823984885015154,-0.35620609880048365,-0.10398104617870385,-0.7183513371637411,-0.4571015587325397,0.04105937787964274
mp-23263,LaBr3,0.4990563966589469,-0.21043328309204984,-0.2174956408853245,-0.09699645481489633,-0.29163540303368835,0.4106149922016855,0.9414697789545089
mp-570589,SeBr,-0.37990623921673955,-0.4359031557344106,-0.199103093979447,-0.45553881149035014,-0.2393844723238859,-0.32818469859581373,1.2688140718554801
mp-25469,AlCl3,1.9577603455590222,-0.4853212100121883,-0.33704719577352793,-0.3903492920948131,-0.6486834295506714,-1.1816970208678337,0.3438361895394416
mp-558118,BeF2,3.7219193948697975,-0.5862164041626511,-0.4221127252132112,-0.4563148771974399,-0.9708975022611193,-1.2657237237556485,-0.5499953371393883
mp-1340,Ga2Se3,-0.672893784508635,-0.1414539156626518,0.054560782097446234,-0.26850697608172597,0.3353757654839404,0.34834413321421054,0.9830132076742004
mp-8484,ZnO2,0.006587969466186337,-0.2047707977060544,-0.23512183167012377,-0.07061022077384563,-0.34388633374349076,0.6727039877283718,-0.4579389772600192
mp-871,FeSi,-1.2089986546172098,5.0222179849663915,6.402288532988404,1.0880558799111166,6.178771516530173,1.2817477500293526,-0.8039418921311265
mp-559091,SiO2,2.0699683416282593,-0.5630516912199428,-0.39069212424900396,-0.45321061436908094,-0.8402701754866134,-1.2847226287595266,0.29680508832392893
mp-2030,RuS2,-0.9035435542065103,0.30433811563480134,0.7235896757987388,-0.27393943603135407,1.4326453103897903,1.1254413012908213,0.14890161344223973
mp-20066,CO2,2.811787871197101,-0.6536514573958686,-0.41215009563919425,-0.5680683390183605,-0.9273550600029506,-1.6126185570756717,0.2974373348991817
mp-468,AlF3,3.4164642944590975,-0.503852980366355,-0.40678560279164666,-0.34766567820487815,-0.9099380830996834,-0.6985734459900336,-0.7610490823710048
mp-23297,BrF3,0.025289302144392588,-0.29897396367306817,-0.34624346922646676,-0.10010071764325523,-0.6835173833572064,-0.581883010524573,-0.2571932255088484
mp-1771,NO2,0.35567951279270016,-0.627912887459526,-0.38456127528037815,-0.5572034191191044,-0.8228531985833459,-1.519362102230137,0.19085929373667532
mp-19326,MnO2,-0.6978288947462432,0.13086015426385247,0.22162641649249987,-0.02715054117682095,0.6488813497427546,0.19407542192089014,-0.39435942351700803
mp-556197,FeF3,0.6174981702875855,-0.31750573402723486,-0.35084160595293606,-0.12338268885594703,-0.7009343602604738,-0.46375417215661086,-0.5814551035784591
mp-1880,SbF3,1.446590585688056,-0.27272062233799876,-0.33857990801568444,-0.06828202365257642,-0.6573919180023049,0.02823955395328406,-0.2690938439535925
mp-27871,RhBr3,-0.5357506782017903,-0.4194304709751513,-0.0864487441809476,-0.5447863678056688,0.03057866967675977,0.445196595316,0.6614011328860195
mp-19399,Cr2O3,0.19983507380764937,-0.19190151273788314,-0.07112162175938304,-0.21728663941380397,0.06541262348329434,0.4232010175985764,-0.6495972942903684
mp-23739,SiH4,2.768151428281287,-0.6335753728455213,-0.3853276314014563,-0.5649640761900017,-0.8228531985833459,-2.0615800630190537,1.2237129985783382
mp-1707,BaN6,1.0600963770051297,-0.3710419594948273,-0.32708456619951104,-0.2281515593130602,-0.6138494757441364,-0.6563203607290425,0.7329746079951259
mp-504769,N2O5,-0.9097773317659122,-0.5543005774415863,-0.32325278559411985,-0.5083112795724516,-0.6051409872925027,-1.3040212010347596,0.12276467747770314
mp-1317,CoSb3,-1.215232432176612,3.989071787721601,5.722530653592016,0.21886228797062246,5.760764070851755,1.9502454989670754,2.179727098235435
mp-28395,B6P,0.2247701840452575,-0.358172674526656,0.021607468891082473,-0.5618598133616427,0.2657078578708705,-0.9577856357117165,-0.4464525017936479
mp-624,B6As,0.330744402555092,-0.3447886181597579,0.032336454586177635,-0.552547024876566,0.2918333232257715,-0.38026687035723417,-0.3670045387964979
mp-988,Si3N4,1.3281488120594171,-0.34067044696994314,-0.22899098270149792,-0.28170009310225136,-0.31776086838858975,-0.6308486426639061,-0.18249881484884498
mp-18759,Mn3O4,-0.8910759990877062,-0.10747900334667962,-0.07878518297016536,-0.08225120638019155,0.047995646580027244,0.24334072133157778,-0.0099135180942742
mp-25620,V2O5,0.025289302144392588,-0.05703140627144819,-0.18147690319464782,0.09779603766462502,-0.1958420300657174,-0.6789752064434461,0.32218451339560633
mp-23237,BiF3,1.5962012471137044,1.3596194830248458,-0.2841686234191303,2.3375216683255764,-0.48322214896963056,2.034152334946348,0.6841403362239743
mp-1346,B6O,-0.16795780219707043,-0.4312702131458689,-0.11480392066084202,-0.5339214479064125,-0.03038074948467659,-0.953470427004211,-0.6466644820256929
mp-1582,As2O3,1.1910057057525727,-0.4271520419560541,-0.28570133566128675,-0.35465026956868567,-0.48322214896963056,-0.34160979235249755,2.0220802206565214
mp-28027,AsF3,2.020098121153043,-0.49098369539818365,-0.38762669976469094,-0.34766567820487815,-0.8315616870349797,-0.6732815282877097,1.2282637674169234
mp-306,B2O3,2.6060732117368337,-0.5141484083408919,-0.34700982534754493,-0.4237201174996714,-0.6835173833572064,-1.104622598675444,-0.1894487819208241
mp-730,P2Pt,-0.6853613396274392,0.41449919496234733,0.950431087637894,-0.3375768240127116,1.7374424061969704,2.8594360002567702,0.24813793298771472
mp-23291,PbCl2,1.0413950443269238,1.0178112742702166,-0.19450495725297767,1.7314143510885,-0.23067598387225235,0.8079737940178146,1.7181831846520565
mp-554089,SiO2,2.207111447935104,-0.55533012023904,-0.38302856303822164,-0.4493302858336323,-0.8141447101317122,-1.1890089022888846,0.15140405112927596
mp-409,NaS,-0.7788680030184696,-0.3782487590770033,-0.2726732816029569,-0.2941171444156869,-0.44838819516309564,-1.3170866940658177,1.122525825925194
mp-7440,NaP,-0.7788680030184696,0.028420645917209098,0.07142061676116722,-0.02947873829809008,0.37020971929047497,-1.279148817512332,1.8776709636023268
mp-7457,SnF2,0.704771056119214,0.021728617733759992,-0.3010284580828513,0.33760034115535076,-0.5354730796794328,0.17627518600243003,0.6764091994793258
mp-2858,ZrO2,0.8419141624260588,0.3347096281596855,-0.14545816550397114,0.65190695252669,-0.10875714554938004,0.8251746953935654,-0.19829713980444283
mp-2632,TlF3,-0.5357506782017903,0.061366015435727596,-0.2573461591813923,0.35312165529714523,-0.4048457529049269,2.299477737003664,0.5129908526945877
mp-27488,Ta3N5,-0.5669195659988006,1.73488783269672,0.2745049888468975,2.3375216683255764,0.7446747227107255,3.331951353728619,0.43565523066187195
mp-570553,FeP4,-0.8225044459342838,0.457739992455403,0.9366366774584859,-0.25841812188955954,1.7200254292937034,-0.059023555465159895,1.289786187530533
mp-555235,SiO2,2.107371006984671,-0.5599630628275817,-0.38915941200684745,-0.4501063515407221,-0.8402701754866134,-1.2651843226672104,0.265299966289413
mp-13682,PdS2,-0.9471799971223245,-0.1666777142002675,0.27986948169444514,-0.5346975136135023,0.7533832111623591,0.05365133856414948,1.011226872366595
mp-9062,RbS,-0.3487373514197294,-0.4395065555254985,-0.3224864294730417,-0.3360246925985322,-0.6051409872925027,-0.8825691506017252,2.7212930678648664
mp-1345,CaP,-1.1092582136667772,-0.08019611921415645,0.07295332900332364,-0.19478073390820197,0.37020971929047497,-1.0507424232858966,1.2781694550450655
mp-22908,BiCl3,0.7671088317132344,2.351583968371488,-0.2542807346970794,3.8027337233109813,-0.39613726445329317,-0.0038847775359235307,3.4362376051823307
mp-23312,MoBr3,-0.8910759990877062,-0.49149846679691045,-0.20983207967454223,-0.5284889879567845,-0.27421842613042086,-0.1458071972494369,4.0969021651901745
mp-9063,RbSe,-0.7539328927808614,-0.437962241329318,-0.2979630335985384,-0.3585305981041343,-0.5267645912277991,-0.5026509839784309,3.3161110594509724
mp-23280,AsCl3,1.1660705955149644,-0.5908493467511928,-0.36616872837450065,-0.5199522651787974,-0.7531852909702761,-1.2695594648289867,4.268529875705503
mp-1943,GaSe,-0.5482182333205945,-0.31750573402723486,-0.05809356770105318,-0.4198397889642227,0.10024657728982929,0.1328234316560209,0.5916816935687541
mp-7456,SnF2,0.7110048336786159,0.004741161575773903,-0.30026210196177305,0.3112141071142999,-0.5354730796794328,0.18334733360639735,0.6701449906944015
mp-29422,HfCl4,1.272044814024799,-0.5270176933090631,-0.34777618146862316,-0.4423456944698248,-0.6835173833572064,-0.5805045410763422,1.6852166196217797
mp-9984,SnS2,-0.39237379433554365,-0.11828920271994343,-0.0864487441809476,-0.0907879291581785,0.03057866967675977,-0.20735885478566052,-0.08555363644000967
mp-9816,GeF4,2.107371006984671,-0.6201913164786232,-0.41828094460782006,-0.5114155424008104,-0.9534805253578519,-0.8768155389917177,-0.778537956947756
mp-1224,HgO,-0.5793871211176046,-0.2572774803761933,-0.12706561859809368,-0.25919418759664925,-0.06521470329121154,3.393562944719114,-0.2090151658839273
mp-558836,MoF6,1.3281488120594171,-0.6289424302569797,-0.4083183150338031,-0.5346975136135023,-0.9099380830996834,-1.0494838207462076,-0.23924952669833893
mp-9920,TiS3,-1.1778297668201996,-0.008128123392397374,0.21396285528171746,-0.2289276250201499,0.6401728612911206,-0.7468798101323865,-0.03835929078676539
mp-557308,ZnS,-0.06198358368723594,-0.2773535649265404,-0.09641137375496456,-0.3205033784567377,0.013161692773492292,-0.11584047011398207,2.4517109321187855
mp-9064,RbTe,-1.0531542156321592,-0.41222367139297544,-0.23358911942796726,-0.3849168321451851,-0.33517784529185723,-0.3533567493895958,4.351204583297589
mp-561664,TeF4,1.1847719281931701,-0.19499014113024427,-0.35697245492156193,0.06752947508812578,-0.7183513371637411,-0.13358077257817114,1.7943276361817393
mp-1922,RuSe2,-1.1279595463449834,0.5627533577956806,0.9450665947903463,-0.10863744042124225,1.7374424061969704,2.2440992252573437,0.5185715510808655
mp-23230,PCl3,1.1910057057525727,-0.6186470022824427,-0.3784304263117523,-0.5494427620482071,-0.7967277332284447,-1.5837306321170936,4.356351376517528
mp-9889,GaS,-0.1617240246376684,-0.3669237883050125,-0.14469180938289286,-0.40664667194369736,-0.10875714554938004,-0.47640013100777256,-0.6855833872707859
mp-2418,PdSe2,-1.0032839951569428,-0.01945309416438804,0.4729912242061584,-0.5083112795724516,1.0668887954211737,1.0490261470954116,1.3281845531734204
mp-27529,PI3,0.09386085529781486,-0.5491528634543178,-0.27650506220834803,-0.5478906306340277,-0.4570966836147293,-0.4957586367372764,2.4700632220812015
mp-7441,KP,-0.6791275620680371,-0.182120856162073,-0.06422441666967901,-0.20952598234290673,0.08282960038656181,-1.301084461775485,3.0328273247261976
mp-7595,GeF2,1.2097070384307784,0.4706092774235743,-0.3332154151681369,1.046924397435361,-0.6399749410990374,-0.4589594958149381,0.4967319533679263
mp-1554,KTe,-1.1965310994984057,-0.3803078446719107,-0.1929722450108212,-0.37793224078137744,-0.23067598387225235,-0.622877493245875,3.7098370507692304
mp-9854,YP5,-1.24016754241422,0.01709567514521834,0.45919681402675033,-0.4392414316414659,1.0494718185179062,-0.5327975114766983,0.8120820950890157
mp-10281,ZnS,-0.043282251009029965,-0.2876489929010775,-0.1063740033289815,-0.32593583840636575,-0.012963772581409114,-0.11572060320544027,-0.04480368077139585
mp-588,GaF3,1.6149025797919105,-0.41479752838660966,-0.3791967824328305,-0.24134467633358556,-0.7967277332284447,0.03315409720349835,-0.6902356691548942
mp-10694,ScF3,2.4626963278705873,-0.3303750189954061,-0.38456127528037815,-0.10863744042124225,-0.8228531985833459,-1.0038744620460456,-1.0168687568355004
mp-30034,MgBr2,1.4652919183662618,-0.4559792402847578,-0.32325278559411985,-0.36008272951831377,-0.6051409872925027,-0.5138585399270909,-0.7660058521650013
mp-571035,OsCl4,-1.0032839951569428,-0.49819049498035956,-0.23435547554904548,-0.5137437395220796,-0.33517784529185723,-0.11194479558637299,-0.2935141643879675
mp-541582,ReSe2,-0.6105560089146148,-0.13733574447283697,0.3396452591385468,-0.5509948934623866,0.8578850725819639,2.512361366573934,1.0926693144732467
mp-1253,BaSe,-0.1056200266030502,-0.033351921930013,-0.15005630223044047,0.10167636620007371,-0.11746563400101397,0.3708791120200726,-0.94146892928139
mp-1394,Rb2O,-0.49834801284537816,-0.03438146472746677,-0.28800040402452143,0.23981606206204506,-0.49193063742126414,-0.22138328308505337,-0.8739558835204311
mp-570886,BeI2,1.2159408159901808,-0.5563596630364936,-0.3109910876568682,-0.5238325937142461,-0.561598545034334,-0.35881069372824864,0.7890474569502083
mp-571166,CaBr2,1.452824363247458,-0.365379474108832,-0.31712193662549404,-0.22970369072723962,-0.5877240103892353,-0.5942293021043804,0.4244857324254311
mp-1039,MgTe,0.14996485333243306,-0.34890678934957275,-0.13472917980887592,-0.3895732263877234,-0.08263168019447902,-0.3224310869858065,-0.28916481634062513
mp-2758,SrSe,0.06892574506020671,-0.14866071524482766,-0.15848621956230102,-0.06362562941003809,-0.13488261090428144,0.13809757563186087,-1.0658765110625477
mp-2507,GaS,-0.14925646951886445,-0.3710419594948273,-0.14162638489857995,-0.4159594604287741,-0.10004865709774649,-0.46818924777265797,0.3295482564261647
mp-720,TlF,0.673602168322204,0.315663086406792,-0.2642433642710964,0.7434827059632777,-0.4222627298081944,2.060762788642632,0.28916423739073827
mp-568656,SiC,-0.06821736124663812,-0.2191843968704063,-0.009813132073124863,-0.3205033784567377,0.20474843870943413,-0.6082537304037732,0.44659471333207434
mp-562100,NbS3,-1.0718555483103651,-0.2325684532373044,0.16568241965378921,-0.518400133764618,0.5530879767747833,-0.21017572713639335,1.6531076532607878
mp-9947,SiC,-0.16795780219707043,-0.20322648350987388,0.010878483195987245,-0.31739911562837875,0.24829088096760302,-0.6085533976751276,-0.19983485572611873
mp-29172,SeF4,1.2595772589059946,-0.4168566139815171,-0.3784304263117523,-0.24522500486903417,-0.7967277332284447,-0.7193703546220391,1.8302638556506114
mp-9946,ZnS,-0.04951602856843186,-0.28558990730617007,-0.10560764720790329,-0.32360764128509656,-0.012963772581409114,-0.11524113557127305,0.786789166087566
mp-539,Ga2S3,-0.2614644655881009,-0.23411276743348494,-0.10560764720790329,-0.2460010705761239,-0.012963772581409114,-0.44978967731148883,0.6295651621731768
mp-7667,K2S3,-0.5170493455235843,-0.3483920179508459,-0.2573461591813923,-0.26462664754627735,-0.4048457529049269,-1.2913752421835978,1.2175915251774123
mp-2517,Ca2Si,-1.1404271014637875,0.7537335467233424,0.6523185565384637,0.4757400370173221,1.3368519374218193,-1.2116038145490173,1.7009075133859515
mp-566285,FeF3,0.34944573523329825,-0.4441394981140402,-0.3853276314014563,-0.27937189598098217,-0.8228531985833459,-0.9489154844796218,1.2472552984954062
mp-22872,SbCl3,1.0102261565299138,-0.36589424550755884,-0.3293836345627457,-0.21806270512089376,-0.6225579641957701,-0.9338122540033528,4.210015750457629
mp-2160,Sb2Se3,-0.8474395561718919,2.509618787780631,0.6523185565384637,3.1229001639003804,1.3368519374218193,0.6924820276377721,4.425194394112804
mp-22855,HgCl2,0.4678875088619368,-0.4961314093854522,-0.3194210049887288,-0.42449618320676114,-0.596432498840869,0.24927413330439727,2.3142901555958098
mp-2184,As2O3,1.1785381506337682,-0.5635664626186696,-0.3408789763789191,-0.504430951037003,-0.6661004064539389,-0.5342359143792001,2.3859990540975433
mp-7623,MgAs4,-0.8162706683748818,0.13652263964984782,0.5082436057757569,-0.3088623928503918,1.1278482145826096,0.1642884951482479,3.245054840894513
mp-22889,ZnCl2,1.1972394833119746,-0.4971609521829059,-0.34011262025784095,-0.40509454052951793,-0.6573919180023049,-0.9062428650387343,1.7664119775133913
mp-30106,AsCl5,-0.42354268213255386,-0.6026890889219103,-0.360804235526953,-0.5432342363914893,-0.7357683140670086,-1.324278708578327,2.6406678517881117
mp-561258,ZnS,-0.05574980612783404,-0.282501278913809,-0.10254222272359038,-0.32205550987091713,-0.0042552841297751835,-0.11512126866273124,2.4504851412979187
mp-17173,Rh2S3,-1.2027648770578079,0.6451167815919766,1.3826559399260143,-0.42760044603511993,2.2599517132949947,1.2312238480789761,1.5915669331952345
mp-568233,CdI2,0.15619863089183525,-0.21815485407295263,-0.19680402561621238,-0.12959121451266484,-0.2393844723238859,0.5241888880450586,0.7586001447820826
mp-713,KAs,-0.9035435542065103,-0.1018165179606842,0.04153272803911637,-0.19555679961529168,0.309250300129039,-0.7802627441612829,3.682673987403379
mp-13456,ZnS,-0.04951602856843186,-0.2835308217112627,-0.10330857884466858,-0.32283157557800685,-0.0042552841297751835,-0.11524113557127305,0.3708161450770216
mp-23184,BCl3,1.6149025797919105,-0.6474742006111464,-0.3998883977019426,-0.5711726018467195,-0.8751041292931484,-1.6710536749898082,1.1480315304415243
mp-19795,InS,-0.47964668016717205,0.01966953213885263,0.11663562790478263,-0.08845973203690938,0.45729460380681236,0.3418113866986817,0.397018042189465
mp-7709,ZnF2,0.8980181604606771,-0.32934547619795235,-0.36003787940587484,-0.13191941163393406,-0.7270598256153749,0.338095512533885,-0.22480276615968722
mp-1958,SrTe,-0.22406180023168878,-0.12240737390975825,-0.10330857884466858,-0.07992300925892236,-0.0042552841297751835,0.3087880533954105,-0.9284725359653083
mp-1541,BeSe,0.34321195767389606,-0.36332038851392456,-0.09564501763388635,-0.4508824172478118,0.013161692773492292,0.005165174058983979,-1.3513875641525381
mp-252,BeTe,-0.06198358368723594,-0.3231682194132302,0.012411195438143736,-0.4997745567944646,0.24829088096760302,0.47845966243635485,-1.2416940920336248
mp-7826,HgO,-0.5045817904047802,-0.22896505344621643,-0.12783197471917188,-0.21573450799962454,-0.06521470329121154,3.3994364232376633,-0.5851239443301596
mp-2076,ZrSe2,-1.1154919912261794,2.2419376604426686,0.387159338645397,2.987864730866768,0.9362614686466674,0.4488525360265255,-0.8481462164541907
mp-11327,Rb2Se,-0.19912668999408062,-0.41119412859552174,-0.3017948142039295,-0.3142948528000199,-0.5354730796794328,-0.652604486564246,-0.33337593078043504
mp-7808,BaP3,-0.9658813298005305,0.07783870019498675,0.21243014303956106,-0.09777252052198611,0.6401728612911206,-0.25146987712905,0.3754641569805584
mp-30139,BeBr2,1.907890125083806,-0.5944527465422806,-0.36310330389018775,-0.5284889879567845,-0.7357683140670086,-0.8576967670792978,0.38033888092304113
mp-30373,RbAu,-1.090556880988571,-0.254703623382559,-0.15005630223044047,-0.2320318878485088,-0.11746563400101397,1.2791706114957038,-0.9470717146692953
mp-557835,TlF,0.5426928395747613,2.20899229092415,-0.24738352960737542,3.5807789310833193,-0.37872028755002574,2.2574044521054852,-0.7511220486502689
mp-11714,SiC,0.06269196750080482,-0.21815485407295263,-0.009046775952046652,-0.31972731274964794,0.20474843870943413,-0.6082537304037732,-0.8467663900744418
mp-550172,SnO2,-0.8162706683748818,-0.1126267173339481,-0.18837410828435186,0.020965532662742124,-0.2132590069689849,1.4629865157445823,-0.9335028099706677
mp-27630,CrCl3,-0.4422440148107599,-0.48635075280964196,-0.24738352960737542,-0.48270111123849063,-0.37001179909839216,-0.9314748492867871,0.34235900668316055
mp-223,GeO2,0.704771056119214,-0.43332929874077625,-0.31712193662549404,-0.33214436406308356,-0.5877240103892353,-0.08611347679561113,-0.38515754193001306
mp-28483,WBr6,-0.654192451830429,-0.3247125336094107,-0.11863570126623316,-0.36939551800339043,-0.03908923793631013,0.16836397003866982,0.8225500494801178
mp-27987,BrF5,0.8232128297478526,-0.5980561463333687,-0.38839305588576917,-0.5083112795724516,-0.8315616870349797,-0.7850574205029557,0.36433099543915404
mp-571518,WCl6,-0.12432135928125632,-0.5064268373599892,-0.28340226729805207,-0.4764925855817728,-0.48322214896963056,-0.6894635609408553,0.5179370963280476
mp-7812,GeO2,0.7234723887974199,-0.46678943965802167,-0.3324490590470586,-0.3670673208821213,-0.6399749410990374,-0.30211364598796825,0.22887279035791747
mp-7955,Li3Sb,-1.021985327835149,-0.1229221453084851,0.07985053409302767,-0.26617877896045683,0.38762669619374246,-0.7245246316893372,-0.07609729181490767
mp-402,CdP2,-0.39237379433554365,-0.1558675148270036,0.1848413226807449,-0.4221679860854919,0.5879219305813183,-0.100197838549275,1.249747416148601
mp-19395,MnO2,-0.6417248967116249,-0.031807607733832476,0.10820571057292216,-0.15752957996789504,0.43987762690354487,-0.10990705814116204,-0.2278039702625746
mp-757,Li3As,-0.9222448868847163,-0.13836528727029065,0.023906537254317108,-0.23280795355559852,0.27441634632250406,-1.0379765975261932,-0.378911843974242
mp-554278,TiO2,0.34944573523329825,1.065170242953087,-0.08031789521232179,1.6871786057843856,0.047995646580027244,-0.3421491934409358,-0.20244677472949835
mp-555763,ZnS,-0.037048473449627785,-0.2799274219201747,-0.11633663290299845,-0.3042059986078534,-0.03908923793631013,-0.11428220030293834,-0.46159560953062306
mp-14018,K3As,-1.252635097533024,0.2770552315022782,0.5021127568071311,-0.0907879291581785,1.1104312376793422,-1.2714174019113849,1.4648788949054956
mp-23225,BBr3,1.0663301545645318,-0.6387230868327899,-0.3853276314014563,-0.5727247332608989,-0.8228531985833459,-1.0838856234977097,1.8834829372316746
mp-2008,FeAs2,-1.1466608790231896,1.7580525456394287,1.7911237524607095,0.8366105908140449,2.695376135876681,1.9402965455581043,-0.7641154515313827
mp-2150,BaTe2,-1.1092582136667772,-0.07453363382816112,0.12123376463125203,-0.23513615067686772,0.46600309225844627,0.7525353488172233,0.7507902522031051
mp-2074,Li3Sb,-0.884842221528304,0.38773108222855107,0.22545819709789092,0.3562259181255041,0.6575898381943881,-0.5003135792618655,-0.9836692275050237
mp-22691,InSe,-0.9845826624787366,-0.2624251943634618,-0.005214995346655527,-0.3903492920948131,0.21345692716106807,0.45418661345663675,-0.37233927011888984
mp-31040,NbCl4,-0.6479586742710269,-0.4364179271331375,-0.28186955505589556,-0.3724997808317494,-0.4745136605179968,-0.9598833066111983,1.387334164988544
mp-2079,Rb2P3,-0.8474395561718919,-0.34118521836866994,-0.20676665519022933,-0.3049820643149431,-0.26550993767878733,-0.9246424354999034,1.6944861743803334
mp-7956,Na3Sb,-1.0718555483103651,0.14218512503584313,0.28600033066307096,-0.07526661501638403,0.7620916996139929,-0.9227245649632343,0.7482713209197125
mp-570219,InBr3,0.2310039616046597,-0.3916328154439014,-0.2749723499661916,-0.3119666556787507,-0.4570966836147293,-0.006401982615301711,1.186321918101269
mp-557539,MoF3,0.9042519380200792,-0.5270176933090631,-0.36233694776910946,-0.42760044603511993,-0.7357683140670086,-0.08761181315238356,-0.41807484257323746
mp-567504,CrCl3,-0.37367246165733753,-0.5053972945625356,-0.2673087887554093,-0.4912378340164776,-0.43097121825982815,-1.0340809229985841,0.4850115049911186
mp-13868,PdF4,-0.8786084439689021,-0.4405360983229522,-0.13396282368779772,-0.5284889879567845,-0.07392319174284509,0.17178017693211167,-0.3183091760893643
mp-365,MgB4,-1.0967906585479734,0.5025251041446389,0.3342807662909992,0.41908724039977197,0.8491765841303304,-1.0083694711163638,0.13074294734940287
mp-567505,SiC,-0.2115942451128847,-0.2207287110665868,-0.011345844315281352,-0.3212794441638274,0.1960399502578006,-0.6096321998520041,0.016696401392085992
mp-13852,Ge3N4,-0.14302269195946243,-0.23514231023093862,-0.16001893180445745,-0.19245253678693275,-0.143591099355915,0.5605684947875004,0.11485575671481064
mp-30275,BaP8,-0.7664004478996654,-0.03798486451855474,0.30132745308463543,-0.3624109266395829,0.7882171649688939,-0.6330661804719296,2.4866681469399885
mp-554573,SiO2,2.1821763376974954,-0.5599630628275817,-0.38762669976469094,-0.4516584829549015,-0.8315616870349797,-1.2452864158492685,0.2342516225486577
mp-7931,SrP,-1.034452882953953,-0.10233128935941112,0.01777568828569135,-0.1722748284025999,0.25699936941923657,-0.4496098769486762,1.8217724538858937
mp-9922,HfS3,-0.6167897864740168,-0.26654336555327657,-0.059626279943209674,-0.34145715254816034,0.09153808883819574,0.5422887912348731,0.13081839165676376
mp-304,Ca2Ge,-1.1279595463449834,0.778442573862231,0.7136270462247216,0.4509059343904508,1.4239368219381567,-0.7166134157255774,1.7751137781498472
mp-685146,CdTe,-0.9347124420035203,-0.11828920271994343,0.14192537990036413,-0.32205550987091713,0.5095455345166148,0.7735719912663124,-0.21461783653553004
mp-23870,NaH,1.0102261565299138,-0.2284502820474896,-0.31558922438333764,-0.02482234405555175,-0.5790155219376015,-1.6735708800691864,-1.4155215680184083
mp-32669,Ag2S,-0.5108155679641823,-0.15792660042191095,0.12276647687340844,-0.3624109266395829,0.46600309225844627,1.340122934489218,-0.3931864862061065
mp-558852,FeF3,0.4491861761837306,-0.3154466484323274,-0.35620609880048365,-0.11484596607796008,-0.7183513371637411,-0.6274324357704641,0.12946609506921802
mp-862868,PbBr2,0.28087418207987597,0.37022885467183814,-0.18147690319464782,0.7419305745490983,-0.1958420300657174,0.5694985794738658,0.7275552633811855
mp-753746,Rb2O,-1.040686660513355,-0.2943410210845265,-0.23282276330688906,-0.2079738509287273,-0.33517784529185723,-0.5755300643718566,-0.7210242698742358
mp-20027,FeP2,-1.0531542156321592,1.1748165508819064,1.2109921688044913,0.5448098849483078,2.0596564789074185,0.5671611747573004,-0.9263787425063335
mp-556585,MnF2,0.40554973326791643,-0.36589424550755884,-0.3730659334642047,-0.17382695981677931,-0.7793107563251772,-0.23708584810403174,-0.036956533578208085
mp-867785,RbF2,-0.48588045772657407,-0.5846720899664706,-0.3991220415808644,-0.47726865128886253,-0.8751041292931484,-0.8354015220905195,-0.20136094450386963
mp-24084,KH,0.8169790521884507,-0.3324341045903135,-0.34700982534754493,-0.1497689228969978,-0.6835173833572064,-1.6455220234704009,-1.2344680750382386
mp-7897,K3P,-1.1902973219390038,0.05158535885991736,0.11893469626801739,-0.042671855318615434,0.46600309225844627,-1.4898149092745785,1.2638123124527543
mp-714882,MnO,-0.2739320207069049,0.17770435154799594,-0.18071054707356962,0.4509059343904508,-0.1958420300657174,0.6016828444173442,-1.2429148719355112
mp-632326,HCl,2.3068518888855363,-0.6181322308837158,-0.3991220415808644,-0.5277129222496948,-0.8751041292931484,-1.7495665000846996,-0.728130177781453
mp-2672,K2O2,0.137497298213629,-0.4359031557344106,-0.360804235526953,-0.2917889472944178,-0.7357683140670086,-1.1235615702250517,-0.08358047098322952
mp-754815,YBr3,1.1598368179555623,-0.468848525252929,-0.3163555805044158,-0.3864689635593645,-0.5790155219376015,-0.4226398225267671,1.510036275457712
mp-634859,CaO2,0.3806146230303083,0.249772347369755,-0.2964303213563819,0.6767410551535613,-0.5180561027761653,-0.6208996892549351,-1.318915515549543
mp-554405,ZnS,-0.03081469589022589,-0.2876489929010775,-0.10560764720790329,-0.3267119041134555,-0.012963772581409114,-0.11488153484564763,0.3705273799726318
mp-23710,MgH2,0.9915248238517075,-0.2284502820474896,-0.25274802245492295,-0.08845973203690938,-0.3874287760016594,-1.6558905110592683,-1.0785572360548592
mp-24721,RbH,0.4990563966589469,-0.3036069062616098,-0.3408789763789191,-0.11251776895669088,-0.6661004064539389,-0.9446602092263874,-1.1441405367394173
mp-22142,SiSe2,0.03152307970379449,-0.5331949500937855,-0.2849349795402085,-0.5152958709362592,-0.48322214896963056,-0.9506535546534781,0.7305754940818081
mp-14017,K3Sb,-1.078089325869767,-0.04879506389181856,0.06452341167146318,-0.13890400299774158,0.3527927423872075,-1.1640765853121864,1.9233589744196489
mp-684969,Sc2S3,-0.7414653376620574,0.47627176280956957,0.06375705555038497,0.6534590839408694,0.3527927423872075,-0.776906470722112,0.48666911012591585
mp-27639,IBr,-0.448477792370162,-0.2670581369520034,-0.20676665519022933,-0.19322860249402246,-0.26550993767878733,-0.4627353034340054,0.35645531909090555
mp-556742,GaS,-0.06821736124663812,-0.37207150229228103,-0.14162638489857995,-0.41751159184295356,-0.10004865709774649,-0.46165650125712887,0.32307012766950827
mp-38970,Ga2Te3,-0.9222448868847163,0.049011501866283155,0.3388789030174686,-0.26928304178881574,0.8578850725819639,0.623198954500601,1.6987368978628423
mp-570081,CuI,-0.30510090850391525,-0.3468477037546654,-0.13702824817211062,-0.38414076643809525,-0.08263168019447902,0.8992524448724091,-0.5669352599205022
mp-27729,ICl3,-0.21782802267228674,-0.5182665795307068,-0.3132901560201029,-0.46407553426833714,-0.5703070334859678,-1.0235326350469038,1.4999645126078052
mp-27770,RhCl3,-0.37367246165733753,-0.4806882674236466,-0.17841147871033491,-0.5440103020985789,-0.1871335416140835,-0.4177252792765525,0.3360516699712231
mp-715434,NiO,0.12502974309482492,-0.018938322765661198,-0.16691613689416146,0.14047965155456005,-0.16100807625918245,1.4918744407031608,-1.327429961666584
mp-11342,GaSe,-0.5606857884393985,-0.3139023342361469,-0.055028143216740266,-0.41751159184295356,0.10895506574146321,0.13641943891227507,-0.5602235226134902
mp-23933,AlH3,0.05022441238200074,-0.15741182902318412,-0.21136479191669866,-0.023270212641372263,-0.27421842613042086,-1.6345542013388243,-1.0078563798713298
mp-568690,CdBr2,0.4741212864213387,-0.35971698872283664,-0.27343963772403507,-0.26540271325336706,-0.44838819516309564,0.236388440636152,-0.6957274597719697
mp-32616,Ga2S3,-0.1928929124346786,-0.24646728100292936,-0.09104688090741701,-0.27937189598098217,0.021870181225125837,-0.4249172937890616,0.6016519615516053
mp-11718,RbF,2.119838562103475,-0.3864851014566329,-0.397589329338708,-0.18003548547349713,-0.8751041292931484,-0.3090659266833938,-1.2237474660831444
mp-558134,TlF,0.555160394693565,1.2721083452412814,-0.24891624184953182,2.169891475594196,-0.37872028755002574,2.2385254140101494,0.21437212484996515
mp-715460,CoO,-0.9534137746817266,-0.22227302526276735,-0.0657571289118355,-0.26850697608172597,0.08282960038656181,0.5689591783854279,-1.211434212855677
mp-568722,CdBr2,0.4616537313025347,-0.3494215607482996,-0.2688415009975657,-0.2545377933541109,-0.43097121825982815,0.27426638373536677,0.28993207164464685
mp-555410,ZnS,-0.037048473449627785,-0.28713422150235063,-0.10407493496574687,-0.32748796982054523,-0.0042552841297751835,-0.10655078470199095,-0.0511401581977048
mp-27725,AuI,-0.018347140771421813,-0.4987052663790864,-0.1975703817372906,-0.5517709591694763,-0.2393844723238859,1.5409000062967642,1.5599587835906634
mp-545820,SnO,-0.9845826624787366,0.10409204153005623,-0.015943981041750686,0.17307441125232859,0.18733146180616667,0.9913701640867971,-0.13588099144520868
mp-27666,IrCl3,-0.14302269195946243,-0.5131188655434382,-0.2151965725220898,-0.5556512877049249,-0.28292691458205477,0.4211033466990947,0.3735901190310123
mp-27678,Y2Cl3,-0.8474395561718919,-0.2526445377876516,-0.055028143216740266,-0.32515977269927604,0.10895506574146321,-0.4518873482109708,1.1141532409240984
mp-7868,PtO2,-0.37367246165733753,-0.282501278913809,0.014710263801378437,-0.4407935630556453,0.25699936941923657,3.0155626486324882,-0.86888422070221
mp-15668,NaSe,-1.021985327835149,-0.23050936764239696,-0.07418704624369596,-0.27238730461717464,0.06541262348329434,-0.5639629076975712,0.4337045823315304
mp-11674,Al2Se3,-0.19912668999408062,-0.27941265052144787,-0.10100951048143396,-0.31895124704255823,-0.0042552841297751835,-0.28988722131670275,0.969881491963711
mp-23222,Li3Bi,-1.1092582136667772,0.6502644955792451,0.5005800445649745,0.47341183989605296,1.1104312376793422,0.4825950707810476,-0.9240200010506401
mp-7904,CdP4,-0.9160111093253144,0.5344409308657037,0.42700985694146476,0.3732993636814781,0.9972208878081037,-0.2821558057157554,0.4597846430645374
mp-11713,SiC,-0.1056200266030502,-0.21558099707931833,-0.005214995346655527,-0.31972731274964794,0.21345692716106807,-0.608373597312315,-0.6311231379112231
mp-15556,Rb2As3,-1.0718555483103651,-0.29228193548961917,-0.131663755324563,-0.3073102614362123,-0.07392319174284509,-0.4010637789892397,2.127515351512657
mp-15951,BeF2,3.8652962787360443,-0.5810686901753825,-0.4175145884867419,-0.45321061436908094,-0.9534805253578519,-1.1771420783432445,-0.6270885416948634
mp-15622,HfSe3,-1.1217257687855813,-0.08946200439123984,0.17641140534888444,-0.31351878709293013,0.5705049536780508,1.4827645556539826,0.4179367048204291
mp-7548,BaSe3,-0.7414653376620574,0.08092732858734797,0.070654260640089,0.05045602953215173,0.37020971929047497,0.6375829835256193,0.7218557688106831
mp-559550,SiO2,2.1759425601380937,-0.5862164041626511,-0.4021874660651773,-0.4764925855817728,-0.8925211061964159,-1.4163364943384438,1.6620205802260368
mp-1581,As2O3,0.9354208258170892,-0.4225190993675124,-0.29413125299314724,-0.3391289554268911,-0.5093476143245316,-0.43103050612469423,2.182681016890368
mp-502,As4S5,-0.08068491636544205,-0.4801734960249197,-0.2144302164010116,-0.5067591481582722,-0.28292691458205477,-0.8541007598230433,3.971503146379692
mp-15661,Sc4C3,-1.1154919912261794,3.1886022627013477,1.6416843088504554,3.1446300036988926,2.5386233437472736,-0.23217130485381718,0.2286162453296885
mp-15649,As2Ir,-0.8162706683748818,0.7274802053882728,1.0814779843422708,0.0015638899854989513,1.9029036867780116,3.755980542695302,0.5229324850825309
mp-567907,P3N5,0.8917843829012748,-0.33758181857758196,-0.24738352960737542,-0.25841812188955954,-0.37872028755002574,-0.8948555087272615,0.3542214713973538
mp-14289,Ba3P4,-1.021985327835149,0.239476919395218,0.19173852777044895,0.16686588559561077,0.5966304190329521,-0.038466380650238,2.724189241100154
mp-16031,Sn3N4,-1.1778297668201996,0.1854259225288986,0.17717776146996267,0.1001242347858943,0.5705049536780508,1.7849490320879073,0.25283732602953357
mp-1247,Sb2Ir,-1.0157515502757468,1.0214146740613046,1.3497026267196506,0.17307441125232859,2.2251177594884597,3.8250238820153895,1.1031686090891135
mp-558380,Cr2F5,-0.40484134945434774,-0.4523758404936698,-0.34777618146862316,-0.32981616694181437,-0.6835173833572064,-0.4421781286190835,0.258570757361475
mp-23290,PtCl2,-0.18665913487527655,-0.5687141766059381,-0.2780377744505045,-0.5758289960892577,-0.46580517206636307,0.5674608420286554,3.592026575485658
mp-556767,ClF3,0.2871079596392779,-0.5805539187766557,-0.38379491915929986,-0.48658143977393925,-0.8141447101317122,-1.1533484969976935,1.0780486374772797
mp-557266,HgO2,-1.1404271014637875,-0.17903222776971187,-0.06728984115399192,-0.2017653252720095,0.07412111193492826,2.314820701297016,0.26200271707919953
mp-542846,AsS,-0.06198358368723594,-0.5110597799485308,-0.2174956408853245,-0.5502188277552968,-0.29163540303368835,-0.7742094652799211,3.3322875136344634
mp-7944,NaSb,-0.9471799971223245,0.2549200613570236,0.5281688649237908,-0.15054498860408752,1.1539736799375107,-0.15287934485340396,3.3134577513564376
mp-27988,IF7,-0.40484134945434774,-0.6320310586493408,-0.4037201783073338,-0.5440103020985789,-0.8925211061964159,-0.5525755513860983,1.0058294770047909
mp-569152,SnCl2,0.5925630600499773,2.061252899489544,-0.2205610653696374,3.330885773400427,-0.30034389148532226,-0.366482175874925,1.9083817593623025
mp-33024,H2S,1.2284083711089846,-0.4775996390312855,-0.36003787940587484,-0.3554263352757754,-0.7270598256153749,-1.8428828883845052,0.3813789634869495
mp-561397,SO3,1.8829550148461978,-0.4657598968605679,-0.3807294946749869,-0.31662304992128903,-0.8054362216800784,-1.2240699730373665,0.8375135582685135
mp-2340,Na2O2,-0.23652935535049285,-0.4431099553165865,-0.36463601613234414,-0.2987735386582253,-0.7444768025186423,-0.9965625806249947,-0.1285159599020156
mp-568971,Ag2Se,-0.7165302274244493,0.040260388087926695,0.29136482351061854,-0.234360084969778,0.7708001880656266,1.7389201392078486,1.1269727336459727
mp-19372,WO2,-0.5482182333205945,-0.17748791357353133,-0.12476655023485898,-0.14123220011901078,-0.05650621483957761,3.243309774861944,-0.17517327608337555
mp-754658,TeO3,-0.5419844557611924,-0.25624793757873954,-0.22745827045934144,-0.15597744855371562,-0.31776086838858975,0.7027306483180976,0.5258798638123803
mp-31050,Cl2O7,0.9603559360546974,-0.5990856891308224,-0.38762669976469094,-0.5106394766937208,-0.8315616870349797,-1.2905361738238048,1.3583062086685744
mp-401,Sc2S3,-0.9222448868847163,0.4108957951712595,0.056859850460680934,0.5618833305042817,0.34408425393557396,-0.7879342263079593,2.710544920797496
mp-2310,CdO2,-0.5419844557611924,-0.2377161672245729,-0.21366386027993337,-0.1420082658261005,-0.28292691458205477,1.13197404780635,-0.08773326257631425
mp-226,FeS2,-1.034452882953953,0.6929905216735738,1.0699826425260976,-0.03879152678316681,1.894195198326378,0.517176673895362,-0.08854845005463678
mp-864746,MoBr3,-0.884842221528304,-0.48635075280964196,-0.20370123070591642,-0.526936856542605,-0.25680144922715337,-0.08958961714332375,3.9619911473824656
mp-8713,K2MnS2,-0.7165302274244493,-0.289193307097258,-0.25044895409168827,-0.18236368259476632,-0.37872028755002574,-1.0970110499830388,1.1459083275909994
mp-5347,KAlF4,2.9115283121475333,-0.21352191148441088,-0.40678560279164666,0.09003538059372779,-0.9099380830996834,-0.8448110744110522,-0.8366590926187035
mp-568598,Cu2HgI4,-1.1341933239043853,-0.14196868706137863,0.10284121772537455,-0.31817518133546846,0.4311691384519113,0.9011103819548072,0.7941242176487141
mp-8719,K2MnTe2,-0.7913355581372736,-0.2943410210845265,-0.18377597155788253,-0.2576420561824698,-0.20455051851735095,-0.4528462834793052,2.1508981353031063
mp-7604,Mg3NF3,0.9104857155794811,-0.2969148780781608,-0.34011262025784095,-0.10320498047161415,-0.6573919180023049,-0.6582981647199825,-0.9143737301283945
mp-23940,NaHO,0.43671862106492676,-0.4328145273420495,-0.3768977140695958,-0.27083517320299516,-0.788019244776811,-1.3377038023350105,-1.0111695873404056
mp-5048,LiGaTe2,-0.3300360187415233,-0.23153891043985073,0.01700933216461307,-0.3662912551750316,0.25699936941923657,0.16938283876127555,0.8233660963023226
mp-9146,CdHgO2,-1.090556880988571,-0.2675729083507303,-0.11020578393437262,-0.2917889472944178,-0.021672261033042657,2.4440971621593675,-0.9971765272114573
mp-8281,Ba(CdAs)2,-1.221466209736014,4.926470504803198,6.926476119805911,0.41287871474305415,6.483568612337354,1.0610128379495933,-0.24340367897571755
mp-7090,NaMgSb,-0.672893784508635,0.17152709476327366,0.17257962474349325,0.08382685493700996,0.5617964652264172,-0.5007930468960328,0.011449761875028358
mp-5795,CaMg2N2,-0.07445113880604001,0.1828520655352643,-0.1063740033289815,0.38338821787364463,-0.012963772581409114,-0.7798432099813865,-1.0193425589399507
mp-8658,CsNaSe,-0.05574980612783404,-0.2639695085596423,-0.2420190367598278,-0.15287318572535671,-0.36130331064675825,-0.2714876508555336,0.43630877506506993
mp-7909,Al2CdTe4,-0.31133468606331716,-0.20888896889586922,0.05609349433960272,-0.3717237151246596,0.34408425393557396,0.33797564562534343,0.7202341365037617
mp-23486,RbNiCl3,-0.8723746664095001,-0.23153891043985073,-0.2872340479034432,-0.058193169460409984,-0.49193063742126414,-0.5636632404262165,0.9228101443065216
mp-15703,BeCN2,1.0787977096833359,-0.3926623582413551,-0.18837410828435186,-0.40121421199406926,-0.2132590069689849,-0.5366332525500366,-1.2008861058683378
mp-7439,K3Cu3P2,-0.5170493455235843,-0.16050045741554525,0.0024485658641267877,-0.24444893916194446,0.23087390406433556,-0.5603669004413168,0.23065268063446112
mp-10408,K2CN2,0.6424332805251937,-0.385970330057906,-0.35084160595293606,-0.2265994278988807,-0.6922258718088401,-1.2525383638160483,-0.7475927189489856
mp-7979,K2PdF6,-0.04951602856843186,-0.30926939164760525,-0.3669350844955789,-0.09466825769362719,-0.7531852909702761,-0.4179050796393651,-0.2497721493243587
mp-541911,HfNCl,0.056458189941402635,-0.20785942609841554,-0.17687876646817843,-0.13424760875520325,-0.1871335416140835,1.7688868663433037,-0.6199144510901283
mp-9732,BaNaP,-0.7851017805778717,0.32544374298260226,0.10743935445184395,0.38183608645946504,0.43987762690354487,-0.3200936822692412,0.9701327105324676
mp-7104,CsCaF3,2.980099865300956,-0.28713422150235063,-0.3784304263117523,-0.049656446682423035,-0.7967277332284447,-0.1322622365842113,-0.720178782591136
mp-9569,Ca(ZnP)2,-0.7726342254590677,0.28065863129336616,0.296729316358166,0.12263014029149631,0.7795086765172604,-0.12405135334909667,-0.711569088406127
mp-3744,NaNbO2,-0.46094534748896604,-0.18417994175698044,0.07295332900332364,-0.35154600674032677,0.37020971929047497,0.7359937154384519,-0.7774932593656475
mp-570324,Rb2TeBr6,-0.012113363212019636,-0.1229221453084851,-0.2726732816029569,0.0908114463008175,-0.44838819516309564,-0.2590214923671845,1.824261302413484
mp-7077,KAuS,-0.012113363212019636,-0.05909049186635555,-0.2228601337328721,0.13659932301911137,-0.30905237993695583,0.4759424573569767,0.1268986052187067
mp-7589,Mg2NF,0.006587969466186337,-0.19138674133915629,-0.2650097203921746,-0.02016594981301342,-0.4222627298081944,-0.7173326171768282,-0.7780399112061789
mp-27422,CsBiF6,0.43671862106492676,-0.45855309727839205,-0.38762669976469094,-0.2987735386582253,-0.8315616870349797,0.1881420099480701,0.018233537979076578
mp-3762,VCu3S4,-0.6791275620680371,-0.3669237883050125,-0.0029159269834208262,-0.5502188277552968,0.21345692716106807,-0.1885397501445952,-0.08038697694389445
mp-764673,Na3VO4,1.109966597480346,-0.4775996390312855,-0.3523743181950926,-0.3631869923466726,-0.7009343602604738,-1.0324027862789986,-0.4363497534465845
mp-28479,Sc2CCl2,-0.7726342254590677,0.3172074006029726,-0.041233733037332194,0.5199757823214365,0.13508053109636423,-0.8562583641767958,-0.640505845252047
mp-570256,Ag2HgI4,-0.6354911191522228,-0.2809569647176284,-0.14009367265642353,-0.28170009310225136,-0.09134016864611257,0.7715342538211014,1.169106255464805
mp-7949,Rb2GeF6,2.294384333766732,-0.37310104508973474,-0.39682297321762977,-0.16063384279625395,-0.8663956408415147,-0.17331665275978406,-0.14465486165537514
mp-37879,LiYSe2,-0.3549711289791314,0.4901705905751945,-0.015943981041750686,0.7551236915696238,0.18733146180616667,0.17399771474013548,0.22425021836872
mp-7907,Al2ZnSe4,0.01905552458499041,-0.28816376429980434,-0.07342069012261775,-0.36008272951831377,0.06541262348329434,-0.02486148653074188,0.08138117997436325
mp-23025,LaClO,1.2159408159901808,0.18182252273781066,-0.22669191433826322,0.5036784024725522,-0.31776086838858975,0.6771390633444194,-0.4878870658908862
mp-30062,Cs2PtBr6,-0.4297764596919559,-0.36023176012156344,-0.28570133566128675,-0.2537617276470212,-0.48322214896963056,0.2659356335917101,1.7538702528779333
mp-7849,AlAsO4,1.3281488120594171,-0.5398869782772344,-0.3700005089798918,-0.4392414316414659,-0.7618937794219098,-0.8897012316599633,-0.6621216038058206
mp-29585,K4CdAs2,-0.9409462195629226,-0.3036069062616098,-0.14086002877750176,-0.3150709185071096,-0.09134016864611257,-1.010347275107304,1.1453769518464612
mp-29209,Ba(MgBi)2,-1.0718555483103651,0.48244901959429165,0.7542439206418678,-0.03646332966189768,1.4761877526479588,0.9069239270190858,0.09763848864915212
mp-31212,K2MgF4,2.6746447648902563,-0.4117088999942486,-0.40295382218625553,-0.21263024517126564,-0.8925211061964159,-0.8749576019093196,-0.5928222643090812
mp-8402,RbMgF3,3.005034975538564,-0.4271520419560541,-0.38762669976469094,-0.251433530525752,-0.8315616870349797,-0.15024227286548397,-0.9865167917084838
mp-3448,KMgF3,3.011268753097966,-0.40656118600698005,-0.397589329338708,-0.21030204804999644,-0.8663956408415147,-0.710140602664319,-1.0250731162625035
mp-3481,KSnAs,-1.1092582136667772,-0.031807607733832476,0.2844676184209145,-0.3360246925985322,0.7620916996139929,-0.14772506778610578,0.30537877874008185
mp-14205,K3Cu3As2,-0.5232831230829863,-0.12704031649829992,0.04076637191803816,-0.23280795355559852,0.309250300129039,-0.23846431755226263,0.3512693581532458
mp-7297,Cs2SnF6,2.0076305660342384,-0.33552273298267465,-0.38686034364361277,-0.11406990037087036,-0.8315616870349797,0.15463920901063163,0.20356838247868073
mp-23949,RbCaH3,0.717238611238018,-0.16616294280154056,-0.3140565121411812,0.06752947508812578,-0.5790155219376015,-1.145796881759559,-0.7452814506317198
mp-30460,YNiBi,-1.1902973219390038,0.751159689729708,1.4953102897245139,-0.38181256931682606,2.3818705516178666,2.6654314087818363,-1.0047569714227877
mp-752658,Y2SeO2,0.025289302144392588,0.028935417315935935,-0.1324301114456413,0.17773080549486697,-0.07392319174284509,0.7432456634052321,-0.8015857617491307
mp-5394,LaSF,-0.39860757189494567,0.20807586407288015,-0.13013104308240658,0.4454734744408227,-0.06521470329121154,0.7690170487417233,-0.5245459565341727
mp-5693,NaCrS2,-0.7102964498650473,-0.06423820585362414,0.0997757932410617,-0.1978849967365608,0.4224606500002774,-0.601001782436993,-0.9640012645447688
mp-569028,Rb2SnBr6,-0.5045817904047802,-0.1944753697315174,-0.3056265948093207,0.016309138420203793,-0.5441815681310666,-0.21167406349316606,1.7119147981570209
mp-9385,RbAu3Se2,-0.24276313290989487,-0.1347618874792027,-0.11940205738731137,-0.08225120638019155,-0.03908923793631013,1.7948979854968785,0.2720519989193049
mp-33857,CrSbO4,-0.7851017805778717,-0.28147173611635523,-0.15695350732014451,-0.26540271325336706,-0.13488261090428144,0.9857364193853314,-1.0137687350716214
mp-15777,Zn(GaTe2)2,-0.6853613396274392,-0.06320866305617036,0.2545797296988636,-0.35309813815450625,0.7098407689041906,0.7007528443271575,0.5681306721667017
mp-5072,Rb2HgO2,-0.06198358368723594,-0.37927830187445694,-0.3240191417151981,-0.24367287345485475,-0.6051409872925027,0.5892166859289953,-0.378029856603494
mp-9250,RbLiSe,0.11879596553542301,-0.29897396367306817,-0.24125268063874958,-0.20642171951454782,-0.36130331064675825,-0.42216035489259957,-0.030612520364715342
mp-549158,InCuO2,-1.1715959892607977,-0.299488735071795,-0.13396282368779772,-0.3158469842141993,-0.07392319174284509,1.1693125898171268,-0.5401010535293128
mp-2998,BaTiO3,-0.2801657982663071,-0.3555988175330218,-0.028972035100080548,-0.5067591481582722,0.16120599645126565,1.0218762923106897,-1.034075221603709
mp-9127,Ba(SbO3)2,0.4616537313025347,-0.24904113799656366,-0.29106582850883433,-0.08069907496601207,-0.5006391258728978,0.7016518461412211,-0.19124267823338104
mp-697133,Cs2CaH4,0.555160394693565,-0.30257736346415615,-0.31022473153579,-0.1420082658261005,-0.561598545034334,-0.657339229451648,0.0013559662744418077
mp-8224,CaSnF6,2.032565676271847,-0.5136336369421651,-0.41061738339703785,-0.3585305981041343,-0.918646571551317,-0.7622827078800103,-0.11323163295069442
mp-14588,Na2PtSe2,-0.7851017805778717,-0.027689436544017662,0.01854204440676956,-0.060521366581679184,0.2657078578708705,0.8861270183870802,0.6929859447144664
mp-22958,KBrO3,1.0787977096833359,-0.39420667243753565,-0.3454771131053885,-0.24444893916194446,-0.6748088949055726,-0.7058853274110846,-0.7626027272741668
mp-9610,Li2CN2,0.9977586014111096,-0.482747353018554,-0.3485425375897014,-0.37482797795301853,-0.6922258718088401,-1.6228072443017263,-1.0875226475303863
mp-24341,CsBeH3,0.686069723441008,-0.5012791233727206,-0.38302856303822164,-0.367843386589211,-0.8141447101317122,-1.2416904085930138,0.6282968322897627
mp-8452,NaLiS,0.5800955049311732,-0.2361718530283924,-0.25504709081815763,-0.09777252052198611,-0.39613726445329317,-1.355264304436387,-0.6110159706565281
mp-3821,K2PtF6,0.28087418207987597,-0.3545692747355681,-0.3753650018274393,-0.15442531713953614,-0.788019244776811,0.17339838019742618,-0.23364832581005227
mp-7505,K2P2Pd,-0.6479586742710269,-0.17594359937735082,0.02927103010186472,-0.2948932101227767,0.2831248347741376,-0.7112194048411953,1.0939147164432668
mp-556417,Rb2NiF6,0.1873675186888453,-0.493042780993091,-0.38379491915929986,-0.35465026956868567,-0.8141447101317122,-0.3549749526549103,-0.07889159512259329
mp-7436,KCuTe,-0.9471799971223245,-0.14042437286519802,0.13196275032634724,-0.34533748108360895,0.4921285576133473,0.09506535546534765,0.09808306382231842
mp-23513,K2PtCl6,-0.16795780219707043,-0.27117630814181826,-0.31175744377794645,-0.09311612627944771,-0.5703070334859678,-0.5695966523990366,0.8515554347502874
mp-23383,Rb2TeBr6,-0.043282251009029965,-0.028204207942744502,-0.269607857118644,0.2305032735769684,-0.4396797067114619,-0.24218019171705887,1.7980371046998498
mp-9564,Ca(MgAs)2,-0.5357506782017903,0.07732392879626,0.1403926676582077,-0.02559840976264146,0.5008370460649808,-0.5123002701160474,-0.4882623373860097
mp-7936,LiNbS2,-0.8786084439689021,0.03614221689811188,0.36493501113412835,-0.3150709185071096,0.8927190263884989,0.03315409720349835,-0.39079500836859343
mp-754596,RbGaO2,0.21853640648585562,-0.520840436524341,-0.31865464886765055,-0.46252340285415766,-0.5877240103892353,-0.03361177085429448,-0.1634876526374228
mp-7825,K2GeF6,2.294384333766732,-0.32265344801450335,-0.3998883977019426,-0.08147514067310177,-0.8751041292931484,-0.5839806814240548,-0.303285148694552
mp-772231,RbCrO2,0.42425106594612244,-0.2176400826742257,-0.2014021623426817,-0.12415875456303681,-0.24809296077551984,0.5776495292547097,-1.147952679084787
mp-7467,RbCuO2,-0.7539328927808614,-0.4472281265064013,-0.2458508173652189,-0.4252722489138508,-0.37001179909839216,-0.2865908813318027,-0.04437297593755699
mp-11869,HfSnPd,-1.0843231034291692,0.4706092774235743,0.9488983753957375,-0.251433530525752,1.7374424061969704,3.7260737490141187,-1.0474448467275717
mp-571648,Rb2MnCl6,-0.5731533435582026,-0.385970330057906,-0.3071593070514771,-0.27083517320299516,-0.5528900565827003,-0.8441518064140722,0.9828288386903364
mp-29754,SrLiN,-1.1591284341419936,-0.06681206284725834,-0.03586924018978458,-0.0644016951171278,0.14378901954799816,-0.548799743767031,-0.5770831452325853
mp-22977,CsVCl3,-1.021985327835149,0.02018430353757947,-0.3194210049887288,0.35389772100423494,-0.5877240103892353,-0.5514368157549511,1.3207839748698176
mp-22998,CrSBr,-1.2089986546172098,0.2693336605213755,0.6645802544757153,-0.26695484466754654,1.3542689143250868,-0.2998361747256737,-0.19218490431430946
mp-554955,MgCrF6,-0.3674386840979355,-0.45289061189239666,-0.36157059164803124,-0.31662304992128903,-0.7357683140670086,-0.729259374576739,-0.6164344932344462
mp-557668,MnPtF6,-0.15549024707826636,-0.4652451254618411,-0.29489760911422547,-0.40276634340824874,-0.5180561027761653,0.6271545624824809,-0.5228799535469819
mp-9919,LiZnSb,-1.0656217707509632,0.9987647325173232,0.9465993070325031,0.5471380820695769,1.7374424061969704,0.5822044717792988,-0.4258008039896474
mp-22950,CsNiCl3,-0.8100368908154797,-0.24749682380038304,-0.28876676014559965,-0.08069907496601207,-0.49193063742126414,-0.363845103887005,1.1296829578124894
mp-10667,SrAgP,-1.252635097533024,13.538596005503415,19.12763192349237,1.0407158717786433,11.839289010092099,0.6436961958612517,-0.24088510391923054
mp-568661,Cd(InSe2)2,-0.8412057786124899,-0.16050045741554525,0.03923365967588167,-0.28170009310225136,0.309250300129039,0.5958093658987954,0.4565021386229301
mp-15687,KZnAs,-1.1965310994984057,1.1959221782297071,1.9735165092773277,-0.19555679961529168,2.8782543933609896,-0.3504799435845922,-0.859684592783107
mp-4359,Sr2PdO3,-1.1778297668201996,0.06496941522681547,-0.11940205738731137,0.21886228797062246,-0.03908923793631013,0.9960449735199278,-0.7478564351147273
mp-13947,Rb2HfF6,3.123476749167202,-0.27117630814181826,-0.3929911926122386,-0.01085316132793669,-0.8489786639382472,0.282177599699127,-0.012352294832343048
mp-9166,MgCN2,1.0226937116487176,-0.30463644905906356,-0.2979630335985384,-0.15752957996789504,-0.5267645912277991,-1.0793306809731205,-1.2492145291248802
mp-27832,Tl2SnCl6,0.2247701840452575,4.428171790835605,-0.28570133566128675,6.965201479701618,-0.48322214896963056,0.216670334181023,1.0659960730845193
mp-961684,LiCaAs,-0.1928929124346786,-0.20528556910478135,-0.04659822588487981,-0.26229845042500816,0.1263720426447307,-0.8819698160590161,-0.9431658350948884
mp-764362,LiNiF3,1.695941688064137,-0.3808226160706375,-0.3784304263117523,-0.19090040537275327,-0.7967277332284447,-0.22797596305485346,-0.6102821511069864
mp-697038,Ba2H6Ru,-0.15549024707826636,-0.15895614321936472,-0.2151965725220898,-0.02171808122719284,-0.28292691458205477,0.3732764501909087,-0.3554166008417345
mp-22936,Ca2NCl,0.15619863089183525,-0.03747009311982781,-0.20216851846375994,0.1482403086254573,-0.24809296077551984,-0.8434326049628214,-0.9138234517615875
mp-8753,K4HgP2,-0.7352315601026554,-0.3190500482234154,-0.1791778348314131,-0.2995496043653151,-0.1871335416140835,-0.8861651578579797,0.9288094645038744
mp-27178,HgPS3,-0.2302955777910908,-0.15895614321936472,-0.08798145642310409,-0.15054498860408752,0.03057866967675977,0.03267462956933113,0.9264194689991299
mp-6972,YCuO2,0.3182768474362879,-0.1548379720295499,-0.18224325931572605,-0.04888038097533325,-0.1958420300657174,0.40588024931428357,-1.0623453435830732
mp-27702,InClO,0.14996485333243306,-0.3906032726464477,-0.2895331162666779,-0.2956692758298664,-0.5006391258728978,0.05862581526863507,-0.38553402497041395
mp-4124,CaCN2,0.9104857155794811,-0.32934547619795235,-0.2994957458406948,-0.19322860249402246,-0.5267645912277991,-1.1685715943825044,-1.0983909098412612
mp-754065,Hg(SbO3)2,-0.9970502175975408,-0.017394008569480677,-0.15695350732014451,0.1327189944836628,-0.13488261090428144,1.76864713252622,-0.41867864537122895
mp-35539,Zn2GeSe4,-0.454711569929564,-0.20580034050350818,0.02850467398078651,-0.3391289554268911,0.2831248347741376,0.37597345563309975,0.13036436952350666
mp-20187,LiInSe2,-0.34250357386032737,-0.2902228498947117,-0.10177586660251217,-0.33447256118435276,-0.0042552841297751835,0.04574012260038925,0.528593948864871
mp-567931,InSiTe3,-1.034452882953953,0.260067775344292,0.4063182416723527,-0.01938988410592364,0.9623869340015687,0.6622755666852339,1.679060158821612
mp-7482,RbHgF3,-0.9160111093253144,3.248315744953662,-0.3240191417151981,5.22526216440645,-0.6051409872925027,0.9409061955906914,-0.692815396863489
mp-755287,Ca3CdO4,0.24970529428286567,0.12416812608040345,-0.22975733882257615,0.4198633061068617,-0.32646935684022327,0.12659035241184596,-0.5588264174275982
mp-28423,Ga2TeSe2,-0.3175684636227192,-0.2613956515660081,-0.03050474734223704,-0.3631869923466726,0.16120599645126565,0.2740865833725539,1.411951649164517
mp-28084,Rb2PdBr6,-0.9347124420035203,-0.3010330492679756,-0.19680402561621238,-0.2545377933541109,-0.2393844723238859,-0.04931433587327286,1.4350655069237457
mp-3982,KCuO2,-0.7851017805778717,-0.4431099553165865,-0.23818725615443667,-0.4268243803280302,-0.35259482219512467,-0.6612948374335278,-0.21976713252444013
mp-27829,Rb2SeCl6,0.3058092923174839,-0.30463644905906356,-0.3086920192936336,-0.1466646600686389,-0.561598545034334,-0.8372594591729177,1.118646109997557
mp-12535,K2ZnTe2,-0.043282251009029965,-0.2691172225469108,-0.18071054707356962,-0.2227190993634321,-0.1958420300657174,-0.3571325570086631,2.078385244022361
mp-30284,HgAsO3,-0.5482182333205945,-0.05548709207526767,-0.18147690319464782,0.1001242347858943,-0.1958420300657174,1.3793793470366638,-0.00851318358604319
mp-20463,CaPbF6,0.8356803848666566,-0.47811441043001235,-0.397589329338708,-0.31817518133546846,-0.8663956408415147,-0.3432879290720831,-0.004396796402839222
mp-16337,Ga2HgTe4,-0.9097773317659122,0.09173752796061171,0.3695331478605977,-0.23591221638395743,0.9014275148401327,1.0742581313434643,0.7164120163124877
mp-3042,K2SiF6,3.1795807472018205,-0.45443492608857716,-0.4129164517602725,-0.26695484466754654,-0.9360635484545844,-0.9474171481228492,-0.2676589972925946
mp-23350,Rb2PtCl6,-0.11185380416245223,-0.4158270711840633,-0.3194210049887288,-0.3034299329007637,-0.5877240103892353,-0.33399824366009195,1.0099458438653262
mp-540957,Cs2TeI6,-0.454711569929564,-0.09615403257468887,-0.18454232767896073,0.04191930675416478,-0.20455051851735095,0.10789111467932216,2.800591102424064
mp-14983,Si4P4Ru,-0.41107512701374976,0.1890293223199866,0.6071035453948482,-0.32981616694181437,1.2671840298087493,-0.3170370761014248,-0.13650024652615203
mp-23804,Mg2FeH6,-0.13055513684065834,0.12107949768804223,-0.13396282368779772,0.31819869847810756,-0.08263168019447902,-0.8222760956051904,-1.0395541118960814
mp-568544,CsCdCl3,-0.2302955777910908,-0.06526774865107782,-0.29413125299314724,0.19946064529337929,-0.5093476143245316,-0.19770956864804426,-0.15418532965546347
mp-20782,LiInTe2,-0.46094534748896604,-0.23977525281948037,-0.0029159269834208262,-0.3585305981041343,0.21345692716106807,0.2396847806210523,1.0938809415751416
mp-8411,Na2AgAs,-0.8661408888500981,0.3022790300398938,0.3312153418066864,0.12030194317022717,0.8404680956786964,-0.09270615676541122,0.22600551414982517
mp-15724,KNa2Sb,-0.9035435542065103,0.23844737659776433,0.14499080438467712,0.21265376231390465,0.5095455345166148,-0.7769664041763829,-0.48873869119493757
mp-9573,NaBeAs,-0.5232831230829863,-0.11159717453649443,0.07525239736655841,-0.24444893916194446,0.3789182077421089,-0.6576988301772734,-0.5286495356713489
mp-7223,Ca3AsN,-0.8723746664095001,1.2108505487927859,0.1948039522547618,1.6281976120455666,0.6053389074845857,-0.5912925628451057,-0.5944718712055934
mp-13275,NaSrP,-0.5482182333205945,0.19005886511744027,0.047663577007742194,0.23826393064786563,0.31795878858067256,-0.6822116129740752,0.666914885218912
mp-28171,K3IO,-0.6791275620680371,-0.25933656597110066,-0.3056265948093207,-0.08147514067310177,-0.5528900565827003,-0.8474481463989723,-0.10884746200579067
mp-23059,Rb2SnCl6,0.26217284940166974,-0.31750573402723486,-0.34624346922646676,-0.12803908309848544,-0.6835173833572064,-0.7388487272600844,1.1908964826794568
mp-559408,NiPbF6,0.06892574506020671,-0.4410508697216791,-0.3362808396524497,-0.32438370699218627,-0.6486834295506714,0.806775124932396,-0.5381995029997035
mp-9124,LiZnAs,-0.9783488849193346,0.4206764517470696,0.6668793228389498,-0.04111972390443601,1.3542689143250868,0.23381130210250303,-1.1604093294738116
mp-27716,KTlO,-0.5918546762364087,-0.20734465469968869,-0.17457969810494378,-0.13579974016938268,-0.17842505316244994,0.962781906399573,-0.18144686748183186
mp-8208,Mg(PtO2)3,-1.1341933239043853,0.13600786825112104,0.5956082035786747,-0.3981099491657104,1.2497670529054818,3.520981468499067,-0.5132501795205743
mp-27207,K2MgCl4,1.6523052451483227,-0.2124923686869572,-0.36233694776910946,0.04657570099670318,-0.7357683140670086,-1.2778302815183722,0.3184830632330661
mp-862631,Ba2SbAu,-0.9471799971223245,0.9076501949426704,0.8868235295884012,0.470307577067694,1.659066010132267,1.5845914944602575,-0.22764740470193576
mp-15685,Na2CuAs,-0.9097773317659122,0.32081080039406057,0.3327480540488428,0.1466881772112779,0.8404680956786964,-0.348502139593652,0.03581552230116752
mp-7773,Na2AsAu,-1.059387993191561,0.6224668400479952,0.6653466105967935,0.26465016468891633,1.3542689143250868,0.8893034914634385,0.20276541070067416
mp-18946,VBO3,-0.18665913487527655,-0.2655138227558229,-0.20293487458483822,-0.19478073390820197,-0.25680144922715337,-0.18638214579084245,-0.7432751821378814
mp-641923,Cs2SnBr6,-0.42354268213255386,-0.33758181857758196,-0.3086920192936336,-0.1963328653223814,-0.561598545034334,-0.08437540662175455,1.9321993631472454
mp-27691,K2PtBr6,-0.5918546762364087,-0.008642894791124213,-0.2542807346970794,0.24447245630458345,-0.39613726445329317,0.027280618684949614,1.323688309489541
mp-11022,ScAgO2,0.0003541919067844379,-0.049824606689272244,-0.107906715571138,0.03415864968326748,-0.012963772581409114,0.7196918158767648,-0.5390185368331383
mp-8256,ZnPtF6,-0.024580918330823712,-0.4487724407025818,-0.3048602386882424,-0.367843386589211,-0.5441815681310666,1.011747538538906,-0.622129341893006
mp-5986,BaTiO3,-0.24276313290989487,-0.16719248559899436,-0.10254222272359038,-0.1482167914828183,-0.0042552841297751835,0.9281403698309877,-1.0156671706485851
mp-9915,LiBeP,-0.5980884537958108,0.023787703328667444,0.07831782185087126,-0.04344792102570521,0.38762669619374246,-1.313790354080918,-0.9066701421502766
mp-30530,TlClO4,1.5276296939602825,0.36662545488075016,-0.36310330389018775,0.9204256871797355,-0.7444768025186423,0.053531471655607406,-0.4973972906544591
mp-4280,GaCuO2,-0.7102964498650473,-0.22021393966786,-0.107906715571138,-0.2227190993634321,-0.012963772581409114,1.1133946769823684,-1.242756250633751
mp-7288,Sc2SO2,-0.06821736124663812,0.18491115113017187,-0.06805619727507013,0.34768919534751713,0.07412111193492826,-0.28245547298711005,-0.29569889052821924
mp-3642,ScCuO2,0.13126352065422708,-0.03901440731600842,-0.10254222272359038,0.045023569582523626,-0.0042552841297751835,0.17022190712106794,-0.6372280532460034
mp-28166,K3BrO,-0.7664004478996654,0.04643764487264886,-0.32478549783627636,0.3989095320154391,-0.6138494757441364,-1.0740565369972805,-0.1908183295785375
mp-541044,CsYO2,0.45541995374313277,0.30845628682461607,-0.242785392880906,0.7108879462655093,-0.36130331064675825,0.8232568248568959,-0.1522298668962574
mp-8098,InGaO3,-0.48588045772657407,-0.09049154718869352,-0.2014021623426817,0.06752947508812578,-0.24809296077551984,1.359601307127264,-0.4804427722437556
mp-14070,RbAlO2,0.7795763868320384,0.4752422200121159,-0.34164533249999735,1.0624457115771555,-0.6661004064539389,-0.3568328897373084,-0.3372817151771823
mp-4187,Ge2N2O,0.299575514758082,-0.3628056171151977,-0.23895361227551487,-0.3049820643149431,-0.35259482219512467,0.13641943891227507,-0.24671558710435595
mp-867194,Sr(MgAs)2,-0.47964668016717205,0.03150927430957023,0.12276647687340844,-0.07681874643056344,0.46600309225844627,-0.27316578757511917,-0.40150949003708947
mp-28797,YHSe,-0.37990623921673955,-0.0019508666076751096,0.11663562790478263,-0.1210544917346779,0.45729460380681236,0.8221180892257491,-1.1908894858971797
mp-10572,NaPN2,1.5962012471137044,-0.2505854521927442,-0.24738352960737542,-0.12726301739139573,-0.37001179909839216,-0.6603958356194641,-0.8027130915569475
mp-753594,BiOF,0.3245106249956901,-0.0019508666076751096,-0.16538342465200506,0.16453768847434164,-0.15229958780754893,2.680894239983731,-0.7481632450871699
mp-20015,As2PbO6,0.012821747025588514,0.26264163233792626,-0.20829936743238575,0.6068951415154858,-0.26550993767878733,1.264067381019434,-0.48194961695376093
mp-3614,KTaO3,-0.012113363212019636,-0.3072103060526978,-0.13549553592995414,-0.32593583840636575,-0.08263168019447902,1.5639743861910644,-1.036452624620319
mp-555123,KMnF3,0.3369781801144942,-0.07144500543579999,-0.3853276314014563,0.28249967595198006,-0.8228531985833459,-0.5702559203960166,-0.9129525076857566
mp-28994,KLi2As,-0.8910759990877062,-0.1466016296499203,-0.0657571289118355,-0.15442531713953614,0.08282960038656181,-1.17618314307491,0.2520459504544719
mp-23036,K2SeBr6,-0.267698243147503,0.3341948567609586,-0.23512183167012377,0.7419305745490983,-0.34388633374349076,-0.450269144945656,1.4507605721749175
mp-19225,FeAgO2,-0.6167897864740168,-0.0662972914485315,-0.0006168586201861248,-0.09932465193616552,0.22216541561270162,1.2526800247079617,-1.177311405758143
mp-557938,HfVF6,0.686069723441008,-0.5280472361065169,-0.38839305588576917,-0.40276634340824874,-0.8402701754866134,-0.06561623543496,-0.27273692956880546
mp-6948,KNaO,0.006587969466186337,0.05261490165737113,-0.3079256631725554,0.39114887494454187,-0.5528900565827003,-1.0051330645857348,-0.6478613579304876
mp-8922,Cd(SbO3)2,-0.4422440148107599,-0.17954699916843878,-0.23052369494365435,-0.03723939536898739,-0.32646935684022327,1.2072504663706125,-0.4662608049435209
mp-558838,NiPtF6,-0.04951602856843186,-0.49922003777781326,-0.3086920192936336,-0.4400174973485556,-0.561598545034334,1.083248149484101,-0.6627964651992172
mp-560976,KNiF3,1.515162138841478,-0.3880294156528134,-0.3768977140695958,-0.20331745668618892,-0.788019244776811,-0.22300148635036787,-1.0170820069047142
mp-4824,NaZnP,-0.7539328927808614,0.20189860728815787,0.16874784413810207,0.13349506019075252,0.5530879767747833,-0.43930132281407963,-0.5305393972366874
mp-5782,AlAgS2,-0.13678891440006039,-0.32625684780559133,-0.11403756453976381,-0.37638010936719796,-0.03038074948467659,-0.2307928354055863,0.07593978780161374
mp-8751,RbLiS,0.3930821781491124,-0.3020625920654293,-0.2665424326343311,-0.18546794542312522,-0.43097121825982815,-0.7999808506164122,-0.2205872659282268
mp-16763,KYTe2,-0.5108155679641823,-0.05857572046762871,-0.05426178709566206,-0.03335906683353877,0.10895506574146321,0.1232340789726754,-0.22129350062335423
mp-8818,Ca2ZnN2,-0.8474395561718919,0.06239555823318128,-0.06958890951722663,0.16453768847434164,0.07412111193492826,-0.3986065073641323,-0.868650322801829
mp-15794,LiYSe2,-0.37367246165733753,0.32801759997623636,-0.035102884068706375,0.5300646365136029,0.15249750799963172,0.19071914848171906,-0.7483515234038259
mp-8752,Na4CdP2,-0.8599071112906961,-0.2541888519838322,-0.08798145642310409,-0.2941171444156869,0.03057866967675977,-1.1060610015779462,0.2307067199141107
mp-9821,RbSbF6,1.7208767983017452,-0.4559792402847578,-0.40448653442841204,-0.2778197645668027,-0.8925211061964159,-0.27418465629772465,-0.24023830524535963
mp-3924,LiNbO2,-0.3362697963009253,0.08658981397334331,0.11127113505723502,0.01786126983438321,0.4485861153551788,0.8031791176761418,-0.8954358213985683
mp-8703,Na3SbSe4,-0.7102964498650473,0.11181361251095893,-0.09411230539172992,0.2638740989818266,0.013161692773492292,-0.18374507380292246,0.517450327813889
mp-3524,LiPN2,1.0476288218863257,-0.27838310772399416,-0.23052369494365435,-0.18624401113021494,-0.32646935684022327,-0.7865557568597283,-0.9267737587564954
mp-10246,Na2PtS2,-0.6105560089146148,-0.12806985929575368,-0.07725247072800887,-0.11484596607796008,0.05670413503166079,0.42703675867191476,0.4153817623641158
mp-8720,Rb2MnTe2,-0.7227640049838514,-0.3087546202488784,-0.19450495725297767,-0.26850697608172597,-0.23067598387225235,-0.17769179492156062,2.5084321152952964
mp-541989,Na2CN2,0.5738617273717713,-0.4163418425827903,-0.34777618146862316,-0.27549156744553355,-0.6922258718088401,-1.2156792894394393,-1.029522696383379
mp-9731,RbAuSe,-0.24276313290989487,-0.2006526265162396,-0.21596292864316807,-0.08380333779437098,-0.29163540303368835,0.8579582948797525,0.48486088090996987
mp-7642,K2AgAs,-0.654192451830429,-0.10799377474540646,-0.02054211776822002,-0.1420082658261005,0.17862297335453312,-0.41209153457508685,0.8347035651624646
mp-755293,Sr4Sb2O,-0.7102964498650473,0.22403377743341246,0.09900943711998336,0.23748786494077592,0.4224606500002774,0.2683329717625467,0.535433410425792
mp-25010,NaMnO2,-0.5419844557611924,0.6502644955792451,-0.2144302164010116,1.197481144610768,-0.28292691458205477,-0.1025951767201111,-0.7753854038020703
mp-8446,K2CuP,-0.6105560089146148,-0.10439037495431848,-0.05579449933781855,-0.10087678335034495,0.10024657728982929,-0.8954548432699707,0.4785181306491713
mp-7770,Sr(ZnAs)2,-1.1591284341419936,0.5117909893217222,0.6300942290271951,0.13349506019075252,1.3020179836152843,0.6676096441153446,-0.524430504758768
mp-553303,CsCu3O2,-0.41107512701374976,-0.2850751359074432,-0.20446758682699462,-0.2227190993634321,-0.25680144922715337,0.19922969898818804,-0.3674048378683623
mp-27827,Rb2TiCl6,0.01905552458499041,-0.316990962628508,-0.320187361109807,-0.15364925143244643,-0.596432498840869,-0.913075278825618,1.0537464861100403
mp-11719,K4ZnP2,-0.7289977825432534,-0.3164761912297811,-0.1960376694951341,-0.27859583027389245,-0.2393844723238859,-1.356702707338889,0.8067257229384515
mp-4784,CaPtO3,-0.5232831230829863,-0.03798486451855474,0.004747634227361421,-0.0620734979958586,0.23087390406433556,2.2362479427478545,-0.48938015714514826
mp-697096,Na2H4Pt,-0.005879585652617738,-0.3839112444629986,-0.29106582850883433,-0.2840282902235205,-0.5006391258728978,0.08487666823929339,-0.7434338086995055
mp-7910,Al2HgTe4,-0.6292573415928208,-0.061149577461263004,0.16568241965378921,-0.259970253303739,0.5530879767747833,0.7100425297391486,0.7194348998350525
mp-13610,ZnPbF6,-0.09938624904364816,-0.37207150229228103,-0.3324490590470586,-0.22427123077761157,-0.6312664526474039,0.6792966676981719,-0.469956219982097
mp-14091,AlAgSe2,-0.6105560089146148,-0.2613956515660081,-0.015177624920672476,-0.37870830648846726,0.18733146180616667,0.3624284949678744,0.3750478991507502
mp-6960,Rb2SiAs2,-0.7227640049838514,-0.20734465469968869,-0.08185060745447827,-0.22970369072723962,0.047995646580027244,-0.44361653152158514,1.743100440993631
mp-15684,K2CuAs,-0.654192451830429,-0.10644946054922584,-0.026672966736845848,-0.13347154304811354,0.16991448490289918,-0.6206599554378516,0.6358768114806478
mp-555359,KMnF3,0.41178351082731834,-0.2480115951991099,-0.38456127528037815,0.015533072713114082,-0.8228531985833459,-0.5559917582795402,-0.12854517496510856
mp-22975,Rb2TeCl6,0.3245106249956901,-0.19756399812387856,-0.3163555805044158,0.02251766407692161,-0.5790155219376015,-0.7601251035262575,1.2781152360243007
mp-697044,Ba2H6Os,-0.09315247148424613,-0.15947091461809157,-0.21672928476424627,-0.02094201552010313,-0.29163540303368835,0.9875943564677295,-0.33262520035747206
mp-8830,NaRhO2,-0.46094534748896604,-0.19499014113024427,-0.025140254494689426,-0.26850697608172597,0.16991448490289918,0.9756675990678187,-1.245938234035867
mp-935811,KNbO3,-0.4360102372513579,-0.3519954177419338,-0.027439322857924126,-0.5028788196228235,0.16120599645126565,0.1724993783833625,-1.023034732411241
mp-9583,K2ZnF4,1.3593176998564271,-0.2943410210845265,-0.39069212424900396,-0.04810431526824354,-0.8402701754866134,-0.5883558235858314,-0.5408175470848926
mp-8235,K2SiP2,-0.5669195659988006,-0.23205368183857758,-0.13626189205103242,-0.21185417946417592,-0.08263168019447902,-1.3034817999463215,1.1427930544962344
mp-9198,Fe(SiP)4,-0.6853613396274392,0.31257445801443096,0.7473467155521638,-0.2855804216377,1.4674792641963252,-0.4961182374629018,-0.22621063510984193
mp-10919,Rb2PtC2,-0.6105560089146148,-0.144027772656286,-0.06499077279075721,-0.15132105431117723,0.08282960038656181,0.34336965650972495,-0.31161868616818167
mp-14232,LiBO2,3.216983412558233,-0.34067044696994314,-0.3309163468049021,-0.17848335405931764,-0.6312664526474039,-0.8329442504654121,-1.1023994956411014
mp-29750,CsMgBr3,1.1972394833119746,-0.20013785511751275,-0.32785092232058927,0.030278321147818855,-0.6225579641957701,-0.25662415419634815,1.8925863920070585
mp-27837,NaHF2,2.9239958672663375,-0.5084859229548966,-0.4251781496975241,-0.3360246925985322,-0.9883144791643867,-1.2670422597496085,-1.198964637434349
mp-510625,CrCuO2,-0.2801657982663071,-0.251100223591471,0.0001494975008920863,-0.37870830648846726,0.22216541561270162,0.6803155364207776,-1.2362493482348893
mp-4043,NbCu3Se4,-0.47341290260776997,-0.36229084571647086,0.010112127074909034,-0.5564273534120147,0.24829088096760302,0.6943399647201702,0.20325704010137954
mp-29091,Ti(CuS)4,-0.4297764596919559,-0.20580034050350818,0.19786937673907476,-0.5106394766937208,0.6053389074845857,0.21571139891268856,-0.09519957404276556
mp-5811,CsPbF3,0.4990563966589469,0.4659763348350324,-0.3332154151681369,1.0399398060715535,-0.6399749410990374,0.8447729349401528,-0.49900203002818255
mp-9306,Sr2ZnN2,-0.8599071112906961,0.1576282669976487,-0.07418704624369596,0.31276623852847946,0.06541262348329434,0.23980464752959385,-0.7103150523396238
mp-4979,AlCuS2,-0.267698243147503,-0.3139023342361469,-0.048130938127036234,-0.42449618320676114,0.11766355419309714,-0.45008934458284344,-0.1739109432766862
mp-4452,Cd(GaS2)2,-0.005879585652617738,-0.2706615367430914,-0.10943942781329441,-0.29722140724404583,-0.021672261033042657,-0.2201846139996353,-0.01199000343276087
mp-34337,H4NCl,1.7520456860987552,-0.3839112444629986,-0.34164533249999735,-0.23280795355559852,-0.6661004064539389,-1.595897123334088,-1.1105019058687469
mp-3980,LiSbF6,1.7520456860987552,-0.4770848676325587,-0.40142110994409913,-0.3127427213858404,-0.8838126177447821,-0.3729549889361833,-0.548009229747267
mp-8277,Sr(CdP)2,-0.8786084439689021,0.40986625237380564,0.3756639968292236,0.23748786494077592,0.9188444917434002,0.5372543810761167,-0.4530485080759761
mp-561238,AlFeF5,1.4091879203316435,-0.41840092817769764,-0.39222483649116036,-0.2335840192626883,-0.8489786639382472,-0.4589594958149381,-0.8226398359939951
mp-581024,CsK2Sb,-0.7851017805778717,0.24771326177484765,0.03003738622294293,0.34303280110497875,0.2831248347741376,-0.5371726536384746,0.016033580589282385
mp-6984,K2SiAs2,-0.6978288947462432,-0.18520948455443412,-0.0665234850329137,-0.21185417946417592,0.08282960038656181,-0.8439120725969885,1.434581897244409
mp-4541,NaCuO2,-1.0157515502757468,-0.28970807849598484,-0.11173849617652912,-0.32360764128509656,-0.021672261033042657,-0.06933210959975623,-1.2124999449757536
mp-7233,La2SeO2,0.1811337411294434,0.10203295593514888,-0.13856096041426705,0.294140661558326,-0.09134016864611257,1.1910684337174668,-0.6351995259341339
mp-553896,K3MoF6,0.7671088317132344,-0.6217356306748038,-0.40065475382302085,-0.5315932507851434,-0.8838126177447821,-0.8400163980693794,0.2944489343649676
mp-643101,Rb2H6Pt,1.2097070384307784,-0.4642155826643874,-0.35084160595293606,-0.34456141537651924,-0.6922258718088401,-0.17913019782406228,-0.07711540984616864
mp-4666,CdSiP2,-0.4297764596919559,-0.06475297725235098,0.2737386327258193,-0.37482797795301853,0.7446747227107255,-0.19009801995563866,0.07524972545269767
mp-3161,LiAlSi,-1.252635097533024,0.22918149142068103,0.6362250779958208,-0.2987735386582253,1.3107264720669178,-1.3305717212767725,-1.1713530738312115
mp-13097,NaZnAs,-1.0967906585479734,0.6260702398390833,0.7251223880408952,0.2095494994855458,1.4413537988414238,0.07510751519313505,-0.41749728665047997
mp-697030,Mg2H6Ru,0.5925630600499773,0.17358618035818102,-0.14928994610936228,0.41287871474305415,-0.11746563400101397,-0.39387176447673056,-0.9566484114956969
mp-7939,NaNbSe2,-1.009517772716345,-0.018938322765661198,0.39099111925078806,-0.42449618320676114,0.9362614686466674,0.7517562139117011,0.007428163427435199
mp-23736,LiMgH3,1.2034732608713765,-0.19601968392769795,-0.25274802245492295,-0.03956759249025659,-0.3874287760016594,-1.7874444431839145,-0.7386477891434488
mp-561800,KCrO2,0.5052901742183491,-0.26448427995836915,-0.2197947092485592,-0.1761551569380485,-0.30034389148532226,-0.09564289602468586,-1.1877928993851674
mp-28069,Ca3AsCl3,-0.17419157975647248,-0.182120856162073,-0.21366386027993337,-0.058193169460409984,-0.28292691458205477,-0.9593439055227599,0.2790593697662313
mp-570213,LiMgBi,-1.0967906585479734,0.5287784454797084,0.9412348141849554,-0.15597744855371562,1.728733917745337,0.46671270539925636,-0.8840296180943229
mp-19448,Ni3TeO6,-0.267698243147503,-0.24234910981311455,-0.1929722450108212,-0.16994663128133067,-0.23067598387225235,1.1940051729767416,-0.6060032724722387
mp-4342,KNbO3,-0.39860757189494567,-0.1296141734919342,-0.12016841350838964,-0.07371448360220453,-0.047797726387944064,0.10699211286525903,-1.0058604459175484
mp-23067,K2PdCl6,-0.5731533435582026,-0.2536740805851053,-0.28186955505589556,-0.09699645481489633,-0.4745136605179968,-0.9223050307833381,0.8496901663351272
mp-773137,KCaBi,-0.8038031132560777,-0.0014360952089482694,0.0062803464695179115,-0.00852496420666749,0.23958239251596908,-0.2242001554357862,0.8685663955576779
mp-9200,K3AuO,-0.9721151073599326,-0.04055872151218894,-0.175346054226022,0.11642161463477849,-0.17842505316244994,-0.32476849170237215,-0.1638706155077795
mp-9819,RbAsF6,1.839318571930384,-0.4770848676325587,-0.40601924667056843,-0.30808632714330203,-0.9012295946480496,-0.4626154365254636,-0.33887638263024983
mp-23891,NaHO,0.42425106594612244,-0.5090006943536235,-0.3761313579485176,-0.3864689635593645,-0.788019244776811,-1.335366397618445,-1.0125742180761554
mp-4511,La2SO2,0.5863292824905754,0.10821021271987095,-0.16308435628877035,0.32828755267027393,-0.15229958780754893,0.9070437939276272,-0.6862558368768931
mp-15788,LiYS2,-0.12432135928125632,0.3285323713749633,-0.107906715571138,0.6045669443942168,-0.012963772581409114,-0.5704956542131002,-0.8657601512890349
mp-4730,Ga2HgSe4,-0.7476991152214595,-0.032837150531286156,0.11740198402586083,-0.1683944998671512,0.45729460380681236,0.9159738786139927,0.24809827952843772
mp-3915,BaHgO2,0.09386085529781486,-0.32934547619795235,-0.28263591117697384,-0.21030204804999644,-0.4745136605179968,1.1652970483809757,-0.6801430305898544
mp-3432,ScNiSb,-1.1528946565825915,0.3923640248170927,0.852337504139881,-0.2716112389100849,1.6155235678740985,1.4231907021086985,-1.123186709116405
mp-4495,KLiTe,0.1811337411294434,-0.30463644905906356,-0.21136479191669866,-0.24522500486903417,-0.27421842613042086,-0.6223380921574369,0.1719297758279479
mp-30247,Mg(HO)2,1.2845123691436027,-0.39317712964008195,-0.3546733865583272,-0.2335840192626883,-0.7096428487121074,-1.1283562465667243,-1.2773769158768662
mp-867339,CsK2Bi,-1.1341933239043853,0.4175878233547085,0.3312153418066864,0.294140661558326,0.8404680956786964,-0.15216014340215311,0.11243918765230017
mp-29398,Cs2HfI6,0.056458189941402635,-0.1244664595046657,-0.2642433642710964,0.07994652640156141,-0.4222627298081944,0.26521643214045926,2.7323236048699546
mp-12992,BaTiO3,-0.24276313290989487,-0.16873679979517486,-0.10407493496574687,-0.148992857189908,-0.0042552841297751835,0.9240648949405658,-1.0148521068448422
mp-12894,Y2SO2,0.5426928395747613,0.01606613234776466,-0.16461706853092684,0.19092392251539234,-0.15229958780754893,0.3610500255196435,-0.8477911981587225
mp-22957,SrClF,2.381657219598361,-0.2536740805851053,-0.3362808396524497,-0.04189578961152572,-0.6486834295506714,-0.20502145006909517,-0.44876766919200334
mp-557772,CsNiF3,2.020098121153043,0.15042146741547277,-0.3784304263117523,0.6099994043438448,-0.7967277332284447,0.1810698623441028,0.17972347958898097
mp-15776,Zn(GaSe2)2,-0.448477792370162,-0.1929310555353369,0.03310281070725584,-0.32438370699218627,0.2918333232257715,0.4417803884225581,0.09430362534249909
mp-8280,Ba(MgAs)2,-0.654192451830429,0.11438746950459322,0.1695142002591804,0.000787824278409241,0.5617964652264172,-0.0877916135151964,-0.291785916527955
mp-961685,NaCaAs,-0.3362697963009253,-0.20940374029459605,-0.055028143216740266,-0.259970253303739,0.10895506574146321,-0.8856856902238124,-0.8403968240238412
mp-30056,CsCaBr3,1.4154216978910454,0.25955300394556524,-0.32785092232058927,0.723304997578945,-0.6225579641957701,-0.37409372456733025,0.26638467283270134
mp-10485,BaLiSb,-0.8910759990877062,0.47421267721466204,0.2446171001248466,0.46720331423933514,0.6924237920009231,0.21139619020518302,0.2896588886151271
mp-22304,Cd(InSe2)2,-0.7289977825432534,-0.17594359937735082,0.0277383178597083,-0.2933410787085972,0.2831248347741376,0.5790879321572113,0.4682258922111724
mp-8255,CaPtF6,0.3245106249956901,-0.5053972945625356,-0.3669350844955789,-0.3903492920948131,-0.7531852909702761,0.23249276610854291,-0.40754713052050573
mp-28145,Rb2PdCl6,-0.5170493455235843,-0.39420667243753565,-0.29413125299314724,-0.2964453415369562,-0.5093476143245316,-0.6608753032536316,1.0005471363613039
mp-33880,Sr(GaTe2)2,-1.1404271014637875,0.049011501866283155,0.18637403492290133,-0.11484596607796008,0.5879219305813183,0.5693787125653242,0.7391224087712346
mp-3810,Hg(AsO3)2,-0.8786084439689021,-0.015334922974573227,-0.16231800016769213,0.14125571726164976,-0.143591099355915,1.5747624079598284,-0.5918457161986223
mp-5621,NbCu3S4,-0.28639957582570913,-0.4142827569878828,-0.06422441666967901,-0.5595316162403735,0.08282960038656181,-0.07928106300872742,0.022863011069998333
mp-4782,CaSnF6,2.051267008950053,-0.5079711515561697,-0.40678560279164666,-0.35387420386159596,-0.9099380830996834,-0.6651905119611369,-0.1972696915323681
mp-540584,K2PdO2,-0.46717912504836795,-0.23926048142075343,-0.22669191433826322,-0.13114334592684435,-0.31776086838858975,0.023684611428694918,-0.8350095128943898
mp-7575,LiZnN,-1.0032839951569428,0.2894097450717225,0.2522806613356288,0.18083506832322582,0.7098407689041906,0.34882360084837777,-1.4003104992858468
mp-13658,RbNO3,0.6050306151687814,-0.32162390521704964,-0.37996313855390873,-0.10010071764325523,-0.8054362216800784,-0.7408864647052954,-0.004417478779462077
mp-3759,MgGeO3,0.9541221584952952,-0.17336974238371652,-0.27420599384511335,0.016309138420203793,-0.44838819516309564,0.346066661951916,-0.6715050388090827
mp-29529,NaSnP,-0.9596475522411285,0.07886824299244043,0.25764515418317646,-0.1420082658261005,0.7185492573558241,-0.3205731499034084,-0.09639365182726693
mp-571461,K4ZnAs2,-0.8661408888500981,-0.30412167766033676,-0.16385071240984855,-0.29256501300150756,-0.15229958780754893,-1.0990487874282495,0.9841663202168729
mp-23009,Ca2BrN,0.19360129624824746,-0.01996786556311488,-0.175346054226022,0.1474642429183676,-0.17842505316244994,-0.4287530348623997,-0.8539326273449069
mp-10474,NaPF6,3.048671418454378,-0.5887902611562853,-0.42747721806075883,-0.4547627457832604,-0.9970229676160205,-1.1518501606409208,-0.4445044197983797
mp-37091,Sr(AlTe2)2,-0.4173089045731518,-0.0940949469797815,0.0070467025905961225,-0.148992857189908,0.23958239251596908,0.20066810189069023,0.74984397201168
mp-28650,CsBr2F,-0.2302955777910908,-0.45443492608857716,-0.2872340479034432,-0.39422962063026173,-0.49193063742126414,-0.32818469859581373,-0.24835902577831603
mp-7502,K2Sn2O3,-0.5544520108799965,-0.21352191148441088,-0.18147690319464782,-0.13812793729065187,-0.1958420300657174,-0.20717905442284795,-0.09477483623808798
mp-8622,Rb2PtSe2,-0.6978288947462432,-0.23823093862329975,-0.10484129108682508,-0.2529856619399315,-0.012963772581409114,0.8979339088784489,-0.13737204793721752
mp-36248,H4BrN,1.2034732608713765,-0.37155673089355423,-0.3209537172308852,-0.23513615067686772,-0.596432498840869,-1.054518230904964,-1.0209379244915704
mp-752753,SbO2F,-0.4297764596919559,-0.1152005743275824,-0.22899098270149792,0.058216686603048975,-0.32646935684022327,0.7479804062926341,-0.6249218067745166
mp-23737,KMgH3,0.21230262892645343,-0.2742649365341794,-0.28340226729805207,-0.12648695168430593,-0.48322214896963056,-1.4943698517991677,-1.0400865569374866
mp-19218,Sr3Fe2O5,-0.7851017805778717,0.10666589852369053,-0.20446758682699462,0.36786690373185,-0.25680144922715337,0.4799579987931273,-0.15494338055212387
mp-4763,ZnSiP2,-0.47341290260776997,-0.12137783111230457,0.25151430521455065,-0.43768930022728647,0.701132280452557,-0.5120006028446927,-0.11852773327303594
mp-15988,Li2CuSb,-1.040686660513355,0.7218177200022775,0.9695899906648496,0.10633276044261211,1.763567871551872,0.6115119309177733,-1.0566994314213813
mp-8290,BaSnF6,1.7894483514551678,-0.22278779666149426,-0.3753650018274393,0.04424750387543391,-0.788019244776811,0.41361166491523094,-0.4151836800207403
mp-561317,Rb2NiF4,1.6149025797919105,-0.4322997559433226,-0.38302856303822164,-0.26385058183918764,-0.8141447101317122,0.024823347059842203,-0.4764276632483217
mp-8430,KLiS,0.5863292824905754,-0.3139023342361469,-0.2749723499661916,-0.19478073390820197,-0.4570966836147293,-1.3317104569079194,-0.3533553692525213
mp-5858,CdPtF6,0.04399063482259856,-0.47502578203765133,-0.3240191417151981,-0.3880210949735439,-0.6051409872925027,1.0170816159690168,-0.4874671654255707
mp-8017,AlCuTe2,-0.6853613396274392,-0.1584413718206379,0.21472921140279583,-0.4563148771974399,0.6401728612911206,0.5648837034950059,0.5897504831570988
mp-23475,Rb2PbCl6,-0.5419844557611924,-0.2361718530283924,-0.320187361109807,-0.031806935419359285,-0.596432498840869,-0.4889262229503927,1.2797460667879004
mp-510624,SrFeO3,-1.1154919912261794,2.886946223047413,3.5376493523979895,0.7698689400043284,4.245487080267485,0.6739625902680612,-1.0942881305227787
mp-28163,K2PdF4,-0.15549024707826636,-0.4472281265064013,-0.37996313855390873,-0.2894607501731486,-0.8054362216800784,-0.5113413348477127,-0.37591872460677744
mp-15704,BeSiN2,0.8980181604606771,-0.32162390521704964,-0.20523394294807284,-0.277043698859713,-0.25680144922715337,-0.5956677050068823,-1.0135092861795005
mp-3159,Al2CdSe4,-0.07445113880604001,-0.28147173611635523,-0.08338331969663469,-0.3399050211339809,0.03928715812839331,0.04244378261548947,0.22253115551278557
mp-643257,K2H4Pd,0.330744402555092,-0.4472281265064013,-0.34011262025784095,-0.32981616694181437,-0.6573919180023049,-1.1085782066573242,-0.33256339979014493
mp-22947,K2ReCl6,-0.6479586742710269,-0.15123457223846193,-0.32325278559411985,0.09934816907880459,-0.6051409872925027,-0.6675878501319733,0.9385754771812862
mp-24205,SrHI,0.916719493138883,-0.38133738746936435,-0.25887887142354876,-0.3127427213858404,-0.4048457529049269,-0.01784927238104533,0.05921541189424106
mp-760403,CaCd3O4,-1.2027648770578079,0.2693336605213755,-0.09028052478633873,0.4974698768158344,0.021870181225125837,1.4738944044218878,-0.5766890807733955
mp-7089,KMgSb,-0.5295169006423883,-0.09306540418232773,0.04383179640235107,-0.18469187971603546,0.31795878858067256,-0.6304890419382806,0.3054871162876074
mp-8207,Zn(PtO2)3,-1.1279595463449834,0.19675089330088946,0.6523185565384637,-0.3639630580537624,1.3368519374218193,3.848457862635316,-0.5088173227120396
mp-10163,NaAlTe2,-0.5232831230829863,0.15814303839637564,0.02007475664892598,0.21808622226353275,0.2657078578708705,0.04933612985664395,0.7289160834129569
mp-19292,Co(AsO3)2,-0.08691869392484408,-0.14505731545373968,-0.2144302164010116,-0.0015403728428599588,-0.28292691458205477,0.738151319792205,-0.7498489360460765
mp-28554,Ca2AsI,-0.3487373514197294,-0.06681206284725834,-0.07725247072800887,-0.02249414693428255,0.05670413503166079,-0.2858716798805519,-0.41286694673972746
mp-7435,KCuSe,-1.2089986546172098,1.9176316792447525,2.9690131105579454,-0.11562203178504979,3.7839371923308973,-0.08928994987196937,-0.17501069963399105
mp-644225,Sr2MgH6,0.3806146230303083,0.13291923985875984,-0.1952713133740559,0.3981334663083494,-0.23067598387225235,-0.6475101429512189,-0.5804093186113845
mp-9295,TaCu3Te4,-0.6105560089146148,-0.25985133736982746,0.14575716050575532,-0.5393539078560406,0.5182540229682483,1.5796769512100428,0.4954667553319805
mp-24204,CaHI,0.8793168277824708,-0.3576579031279292,-0.24125268063874958,-0.2948932101227767,-0.35259482219512467,-0.3223711535315358,-0.1389267869536996
mp-867192,Sr2AsAu,-1.009517772716345,1.3014503149687118,1.1780388555981276,0.7690928742972388,2.0248225251008836,1.4300231158955823,-0.5489707914660444
mp-22607,Zn(InSe2)2,-0.7040626723056452,-0.16873679979517486,0.04229908416019458,-0.29722140724404583,0.309250300129039,0.5510390755584262,0.3311414792445516
mp-570099,RbVBr3,-0.9596475522411285,0.005255932974500835,-0.2872340479034432,0.2987970558008644,-0.49193063742126414,-0.1830858058059424,1.5959786646771807
mp-8978,CsNbN2,-0.37367246165733753,0.6765178369143147,0.03157009846509942,0.9879434036965419,0.2918333232257715,0.26090122343295374,0.16392995216947906
mp-6951,RbCdF3,0.6549008356439977,0.0165809037464915,-0.37229957734312646,0.40201379484379807,-0.7793107563251772,0.26887237285098475,-0.7713924711427712
mp-34903,MgGeP2,-0.3861400167761416,-0.14093914426392495,0.18100954207535372,-0.39578175204444116,0.5792134421296846,-0.7556300944559391,0.14288308360963647
mp-38220,RbNO3,0.555160394693565,-0.4956166379867253,-0.39222483649116036,-0.3499938753261473,-0.8489786639382472,-0.9559876320835892,0.23164912890932493
mp-9791,Tl3AsS3,-0.5606857884393985,0.39133448201963905,0.09441130039351409,0.4943656139874755,0.41375216154864386,1.313272746975851,0.38776177695679453
mp-4651,SrTiO3,-0.16795780219707043,-0.3592022173241098,-0.06269170442752259,-0.47804471699595225,0.09153808883819574,0.47060837992686594,-0.4504241343883788
mp-561078,Rb2CoF6,-0.5856208986770066,-0.3993543864248042,-0.3730659334642047,-0.22427123077761157,-0.7793107563251772,-0.4495499434944052,-0.002827056710273461
mp-27409,RbNiBr3,-1.0282191053945509,-0.21866962547167945,-0.2374209000333584,-0.08923579774399909,-0.34388633374349076,0.027040884867866002,1.384646989562363
mp-4555,Ca(AsO3)2,0.7297061663568222,-0.2124923686869572,-0.27727141832942626,-0.03956759249025659,-0.46580517206636307,0.12503208260080276,-0.5997658467256833
mp-867168,Sr2SbAu,-0.9347124420035203,1.0450941584027398,1.1573472403290155,0.4035659262579775,1.998697059745983,1.4245691715569295,-0.42567232589721044
mp-23024,SrBrF,1.7956821290145695,-0.24080479561693405,-0.31175744377794645,-0.047328249561153835,-0.5703070334859678,0.22110540979707008,-0.3126539199631525
mp-4026,KCrS2,-0.5980884537958108,-0.16153000021299893,0.03770094743372525,-0.28170009310225136,0.30054181167740507,-0.6421161320668368,-0.859426058318645
mp-5606,AlTlF4,1.3281488120594171,4.2279257167308595,-0.34777618146862316,6.726173241917983,-0.6922258718088401,0.9439028683042369,-0.79935060640431
mp-8812,Rb2GeF6,2.4003585522765665,-0.45289061189239666,-0.40601924667056843,-0.2716112389100849,-0.9012295946480496,-0.3699583162226376,-0.0008556710119548857
mp-8799,RbNaS,0.10632841041661893,-0.2866194501036237,-0.28033684281373916,-0.1482167914828183,-0.4745136605179968,-0.8805913466107853,0.05452766686328115
mp-5928,Al2CdS4,0.3806146230303083,-0.33706704717885516,-0.17151427362063087,-0.33447256118435276,-0.169716564710816,-0.7113992052040081,-0.03427294462549603
mp-5339,CsNaTe,-0.09315247148424613,-0.2866194501036237,-0.22439284597502854,-0.2048695881003684,-0.30905237993695583,-0.24631560006175182,0.8516856235718897
mp-29208,Ca(MgBi)2,-1.078089325869767,0.48708196218283334,0.728187812525208,-0.0030925042570393796,1.4413537988414238,0.7525952822714941,-0.12159026928957661
mp-7437,KZnP,-0.7975693356966758,-0.08894723299251292,0.09747672487782694,-0.23280795355559852,0.4224606500002774,-0.7153548131858882,-0.16565835770761025
mp-5962,NaMgAs,-0.7289977825432534,0.19469180770598193,0.08138324633518423,0.21110163089972522,0.38762669619374246,-0.7817610805180556,-0.2629095256425316
mp-18966,FeAgO2,-0.5918546762364087,-0.06887114844216578,-0.0021495708623426152,-0.10165284905743473,0.22216541561270162,1.2598720392204705,-0.6476528723881805
mp-18814,MnCO3,0.8356803848666566,-0.30309213486288294,-0.3109910876568682,-0.1420082658261005,-0.561598545034334,-0.3832635430707796,-0.6038730990696579
mp-16236,KAgSe,-1.021985327835149,0.17873389434544962,-0.012878556557437774,0.28249967595198006,0.1960399502578006,0.2636581623294155,-0.043527374584623545
mp-28591,Na4HgP2,-0.7726342254590677,-0.2402900242182072,-0.09564501763388635,-0.26540271325336706,0.013161692773492292,-0.6320473117493242,0.2209349506123658
mp-5077,NaLi2Sb,-0.8973097766471081,0.1390964966434821,0.1541870778376158,0.053560292360510714,0.5269625114198823,-0.5426865314313984,-0.8846369459325854
mp-28627,K4Br2O,-0.7040626723056452,-0.18315039895952667,-0.3485425375897014,0.07684226357320244,-0.6922258718088401,-1.0698012617440458,0.6495769035935482
mp-10086,YSF,-0.5045817904047802,0.1432146678332968,-0.10943942781329441,0.32673542125609456,-0.021672261033042657,0.29871923307789777,-0.690168751311919
mp-8276,Sr(ZnP)2,-0.8038031132560777,0.2574939183506579,0.2990283847214008,0.08537898635118953,0.7882171649688939,0.15943388535230438,-0.6354483730456745
mp-21855,VCu3Se4,-0.8100368908154797,-0.29742964947688766,0.07525239736655841,-0.5246086594213358,0.3789182077421089,0.5658426387633404,0.14370116970225608
mp-3970,K2TiF6,1.627370134910715,-0.24131956701566087,-0.3822622069171434,0.023293729784011324,-0.8141447101317122,-0.8024980556957904,-0.271573571084284
mp-7421,KZnAs,-1.1466608790231896,1.3019650863674386,2.10226433761847,-0.16606630274588205,3.008881720135495,-0.3389127869103065,-0.019431450242701345
mp-19147,NiCO3,0.7982777195102444,-0.4081055002031606,-0.2849349795402085,-0.3267119041134555,-0.48322214896963056,0.028179620499012757,-0.7528288824416016
mp-8217,Cs2GeF6,2.437761217632979,-0.4657598968605679,-0.40065475382302085,-0.2964453415369562,-0.8838126177447821,-0.17541432365926604,0.2722322544985397
mp-3668,CdGeP2,-0.9160111093253144,0.06908758641663038,0.4745239364483148,-0.37638010936719796,1.0755972838728072,0.1445703886931189,0.1933279040699071
mp-29149,Li4NCl,-0.22406180023168878,-0.244408195408022,-0.2458508173652189,-0.11950236032049841,-0.37001179909839216,-1.5118104869920024,-0.9178254804724703
mp-2894,ScSnAu,-1.246401319973622,0.4237650801394308,1.0876088333108969,-0.46252340285415766,1.911612175229645,2.6661506102330876,-0.9968384878000061
mp-20042,TlInS2,-1.0282191053945509,1.5881779840595678,0.19940208898123118,2.192397381099798,0.6140473959362196,1.3272971752752436,0.33320413326652043
mp-19299,CrBO3,0.11256218797602084,-0.3231682194132302,-0.19450495725297767,-0.2902368158802383,-0.23067598387225235,-0.08407573935040016,-0.7751371228468014
mp-5380,Ca4P2O,-0.5295169006423883,0.848451484089083,0.009345770953830823,1.2696552553701126,0.23958239251596908,-0.9664759865809983,-0.13067660326936184
mp-7824,K2ReF6,-0.2614644655881009,-0.3190500482234154,-0.38302856303822164,-0.09311612627944771,-0.8141447101317122,0.08445713405939693,-0.21800350375095848
mp-33985,Ba(InTe2)2,-0.7788680030184696,-0.033351921930013,0.10667299833076574,-0.15830564567498476,0.43987762690354487,0.6778582647956702,1.10440361436601
mp-19378,CrAgO2,-0.28639957582570913,-0.23926048142075343,-0.009046775952046652,-0.35154600674032677,0.20474843870943413,1.255017429424527,-1.1880867471252734
mp-644203,CsCaH3,0.6424332805251937,-0.2737501651354524,-0.293364896872069,-0.11562203178504979,-0.5093476143245316,-0.7467000097695736,-0.6884120168964037
mp-9125,Ca(SbO3)2,0.35567951279270016,-0.25676270897746645,-0.2811031989348174,-0.10242891476452444,-0.4745136605179968,0.5093253913858731,-0.42382440926187426
mp-5860,K2HgO2,-0.024580918330823712,-0.40656118600698005,-0.32172007335196345,-0.2871325530518794,-0.596432498840869,0.22733848904124448,-0.5483693731671024
mp-19384,Ni(AsO3)2,0.07515952261960888,-0.20580034050350818,-0.22669191433826322,-0.08069907496601207,-0.31776086838858975,0.7878960868370598,-0.7650679276453933
mp-7752,Sr3SbN,-1.1591284341419936,1.2226902909635036,0.36876679173951954,1.469880207799262,0.9014275148401327,0.2863130080438197,-0.2517035066979685
mp-7562,TaTl3S4,0.25593907184226755,0.2734518317111902,-0.07112162175938304,0.48427675979530904,0.06541262348329434,1.2986489841337492,0.7664261368886548
mp-5955,NaSbF6,1.7271105758611471,-0.5820982329728362,-0.4228790813342895,-0.4493302858336323,-0.9708975022611193,-0.814005278915805,-0.14920395760665103
mp-22978,Rb2MnCl4,-0.5170493455235843,-0.1929310555353369,-0.33704719577352793,0.05045602953215173,-0.6486834295506714,-0.7893726292104613,0.47576906652572815
mp-27833,Tl2TeCl6,0.28087418207987597,-0.4956166379867253,-0.2535143785760012,-0.49046176830938787,-0.39613726445329317,0.16171135661459896,1.157168141070312
mp-555403,K3WF6,0.312043069876886,-0.6268833446620723,-0.40142110994409913,-0.538577842148951,-0.8838126177447821,-0.4106531316725852,0.31257691488174677
mp-27361,Nb(SeCl)2,-0.7102964498650473,-0.4194304709751513,-0.14469180938289286,-0.4858053740668495,-0.10004865709774649,-0.12117454754409308,1.0448600766432092
mp-8212,Cd(PtO2)3,-1.1778297668201996,0.23072580561686165,0.7757018920320583,-0.43768930022728647,1.5110217064544937,3.9444712563773123,-0.45219747367995383
mp-8579,Ba(AgS)2,-0.7726342254590677,0.25697914695193097,0.02007475664892598,0.3670908380247603,0.2657078578708705,0.8534033523551633,-0.4410406679409475
mp-10550,SrMg2N2,-0.267698243147503,0.19366226490852825,-0.08261696357555648,0.37562756080274723,0.03928715812839331,-0.28778955041722104,-0.9533966066393359
mp-9384,CsAu3S2,0.14373107577303115,-0.013275837379665865,-0.1983367378583688,0.18083506832322582,-0.2393844723238859,1.3934037753360569,0.3543906878961352
mp-7041,CaHgO2,0.006587969466186337,-0.3504511035457533,-0.23895361227551487,-0.2863564873447897,-0.35259482219512467,1.2455479436497232,-0.9668397654254864
mp-8756,KLiSe,0.24970529428286567,-0.3051512204577904,-0.24661717348629714,-0.21030204804999644,-0.37001179909839216,-0.8514037543808524,-0.16773950757602724
mp-556953,RbPS3,-0.1804253573158745,-0.3628056171151977,-0.2902994723877561,-0.2529856619399315,-0.5006391258728978,-1.1362075290762135,1.4562132802025325
mp-9244,LiBC,-0.7913355581372736,0.12159426908676917,0.3388789030174686,-0.15985777708916424,0.8578850725819639,-1.2276659802936212,-1.2343424433188257
mp-614013,CsSnI3,-1.034452882953953,7.968769471278888,0.007813058711674334,12.005748247249393,0.23958239251596908,0.0239842787000493,0.8419723022133235
mp-9126,Sr(SbO3)2,0.41178351082731834,-0.2732353937367256,-0.29106582850883433,-0.11717416319922927,-0.5006391258728978,0.6254764257628956,-0.3164426444134354
mp-10418,RbSbO2,0.08139330017901078,-0.22124348246531367,-0.2895331162666779,-0.040343658197346303,-0.5006391258728978,0.13552043709821138,0.13984319358722871
mp-27891,Bi2SO2,-0.8100368908154797,12.588328003453649,0.2668414276361153,18.707851693676275,0.7359662342590916,2.727462533952228,0.17241505277736321
mp-3098,AlCuO2,-0.1928929124346786,-0.26654336555327657,-0.1293646869613283,-0.27083517320299516,-0.06521470329121154,0.47612225771978955,-0.8700961516870467
mp-7027,InBO3,0.330744402555092,-0.2402900242182072,-0.27343963772403507,-0.08535546920855046,-0.44838819516309564,0.664133503767632,-0.5906481826567943
mp-33588,Ca2NF,-0.267698243147503,0.16895323776963936,-0.20446758682699462,0.46177085428970704,-0.25680144922715337,-0.7195501549848516,-0.41661980528463266
mp-8278,Ba(MgP)2,-0.6105560089146148,0.07938301439116736,0.08981316366704468,0.028726189733639433,0.4050436730970099,-0.5701360534874748,-0.4025254314684536
mp-569779,ScSbPd,-1.1466608790231896,0.33573917095713923,0.8370103817183165,-0.34145715254816034,1.589398102519197,1.6844406292755925,-1.043364565805606
mp-34293,CsTaN2,0.01905552458499041,0.11129884111223218,-0.07725247072800887,0.24602458771876287,0.05670413503166079,1.3674525896367529,0.09353241638574732
mp-7938,KNbS2,-0.8162706683748818,-0.13012894489066104,0.2584115103042547,-0.45786700861161933,0.7185492573558241,-0.13244203694702386,-0.02237905358989675
mp-36111,LiMgP,-0.3612049065385335,-0.15020502944100825,-0.0213084738892983,-0.2048695881003684,0.17862297335453312,-1.3719258047237,-1.1499088208306112
mp-9820,CsAsF6,1.9328252353214141,-0.5079711515561697,-0.40295382218625553,-0.3577545323970446,-0.8925211061964159,-0.35419581774938846,-0.182849090468126
mp-866818,Ca2SnS4,-0.6479586742710269,-0.29742964947688766,-0.13549553592995414,-0.31119058997166094,-0.08263168019447902,-0.7097810019386936,0.14877897847127428
mp-27362,Nb(SCl)2,-0.37990623921673955,-0.4657598968605679,-0.1998694501005253,-0.4997745567944646,-0.24809296077551984,-0.6871860896785608,0.8478337155961769
mp-9911,K3SbS4,0.006587969466186337,-0.2773535649265404,-0.26271065202893995,-0.15209712001826692,-0.4222627298081944,-1.0100476078359493,0.7947443615357608
mp-5878,KZnF3,0.9790572687329033,-0.24389342400929517,-0.3753650018274393,0.012428809884755171,-0.788019244776811,-0.23067296849704447,-0.9847559891404222
mp-13984,CdPdF6,-0.2115942451128847,-0.44002132692422535,-0.29183218462991256,-0.367843386589211,-0.5006391258728978,0.32335188278324156,-0.5082117557133645
mp-768368,K4I2O,-0.5357506782017903,-0.3664090169062857,-0.3286172784416675,-0.2196148365350732,-0.6225579641957701,-0.8359409231789579,0.8940016618077765
mp-3595,ZnSiAs2,-0.7664004478996654,0.026361560322301646,0.4806547854169407,-0.44700208871236313,1.0843057723244411,0.20582237895798813,0.12269363989300028
mp-505297,NbSbRu,-1.090556880988571,1.2278380049507722,1.2109921688044913,0.6247446527785497,2.0596564789074185,2.7591073978072678,-1.0965102432421134
mp-7848,AlPO4,2.207111447935104,-0.5661403196123039,-0.39145848037008213,-0.4570909429045296,-0.8489786639382472,-1.2487026227427103,-0.7202774607414754
mp-557158,CrMoF6,0.2933417371986798,-0.4961314093854522,-0.34317804474215374,-0.40043814628697955,-0.6661004064539389,-0.19069735449834796,-0.5544125174789302
mp-569066,Cs2PdI6,-1.2027648770578079,-0.13579143027665638,-0.06269170442752259,-0.14123220011901078,0.09153808883819574,0.26275916051535236,2.4705879752749906
mp-7771,Sr(CdAs)2,-1.2339337648548179,6.917606275078658,9.951283729701675,0.3515695238829658,8.077221998986328,0.9502558144569533,-0.3433445184308363
mp-27849,TiBrN,-0.9721151073599326,1.763715031025424,0.14805622886898995,2.509032189592406,0.5182540229682483,-0.14814460196600224,-0.48164015990189074
mp-28599,Na4Br2O,-0.08691869392484408,-0.2521297663889247,-0.32631821007843276,-0.049656446682423035,-0.6138494757441364,-0.812506942559032,-0.0961901207030196
mp-27828,Cs2TiCl6,0.06892574506020671,-0.3154466484323274,-0.32708456619951104,-0.14433646294736968,-0.6138494757441364,-0.7332749160128901,1.3200902194022013
mp-12954,CuBS2,-0.23652935535049285,-0.2639695085596423,0.08444867081949707,-0.48347717694558034,0.39633518464537637,-0.08713234551821634,-0.5404171903516926
mp-570223,CsGeBr3,-0.8474395561718919,-0.19087196994042946,-0.05349543097458385,-0.2335840192626883,0.10895506574146321,-0.0032255095389434676,0.1068191991193723
mp-3395,SrSeO3,0.9852910462923056,0.7377756333628098,-0.2956639652353037,1.4116752797675325,-0.5180561027761653,0.143191919244888,-0.05536786192971864
mp-28237,RbLiBr2,1.3717852549752316,-0.0940949469797815,-0.34471075698431025,0.20722130236427652,-0.6748088949055726,-0.6085533976751276,1.003258983322165
mp-29342,Ca3PCl3,-0.17419157975647248,-0.21506622568059147,-0.2205610653696374,-0.10087678335034495,-0.30034389148532226,-1.1347091927194408,0.20600394848159134
mp-9899,BaAgP,-1.246401319973622,1.449189706403318,1.6056655711597785,0.5587790676759229,2.5037893899407386,0.9101603335497147,-0.05813222039642646
mp-23406,Cs2PtCl6,-0.012113363212019636,-0.3978100722286236,-0.3332154151681369,-0.26229845042500816,-0.6399749410990374,-0.2714277174012626,1.3672588215436476
mp-27830,Cs2SeCl6,0.3930821781491124,-0.3416999897673968,-0.3194210049887288,-0.19167647107984306,-0.5877240103892353,-0.6834702155137642,1.4115697679345582
mp-14069,CsAlO2,1.340616367178221,0.02018430353757947,-0.3079256631725554,0.34225673539788903,-0.5528900565827003,0.2547280776430501,-0.2899416750916344
mp-676284,YAgSe2,-1.046920438072757,0.45568090686049545,0.16874784413810207,0.5160954537859879,0.5530879767747833,1.0474079438300972,0.32956080376901686
mp-28439,KSc2F7,2.2382803357321137,-0.3324341045903135,-0.3700005089798918,-0.12648695168430593,-0.7618937794219098,-0.7133170757406773,-0.21811455291136944
mp-5328,CdPS3,-0.2302955777910908,-0.2269059678513091,-0.15618715119906632,-0.18391581400894574,-0.13488261090428144,-0.6120894714771112,0.872004501686258
mp-7650,RbScO2,0.8294466073072547,0.31617785780551894,-0.2450844612441407,0.7248571289931244,-0.37001179909839216,0.1763351194567008,-0.4728205060160581
mp-556424,RbVF3,0.20606885136705153,-0.43024067034841523,-0.3738322895852829,-0.27005910749590545,-0.7793107563251772,-0.04529879443712171,-0.9067986893367058
mp-4497,Si2N2O,1.7458119085393533,-0.4395065555254985,-0.2979630335985384,-0.3608587952254035,-0.5267645912277991,-0.8705824597475433,-0.45935896779363494
mp-8453,RbNaO,-0.08068491636544205,0.05261490165737113,-0.29106582850883433,0.3740754293885678,-0.5006391258728978,-0.32542775969935195,-0.544129486750123
mp-34418,AgPF6,0.6985372785598121,-0.5352540356886928,-0.4113837395181161,-0.3903492920948131,-0.9273550600029506,-0.7230862287868354,-0.2623497397933095
mp-19167,Rb2NiO2,0.41178351082731834,-0.3839112444629986,-0.3339817712892151,-0.24056861062649584,-0.6399749410990374,-0.3043911172502628,-0.49630044809953916
mp-558749,RbMnF3,0.511523951777751,-0.2943410210845265,-0.3768977140695958,-0.0620734979958586,-0.788019244776811,-0.05950302309932712,-0.8854814104668683
mp-9636,CsSbF6,1.8517861270491878,-0.4997348091765401,-0.4021874660651773,-0.3461135467906987,-0.8925211061964159,-0.20394264789221894,-0.07464915733270729
mp-23074,BiOF,0.6237319478469876,0.1102692983147785,-0.17841147871033491,0.3469131296404274,-0.1871335416140835,2.9072029633106844,-0.7883045626435088
mp-5238,GaCuS2,-0.8786084439689021,-0.16616294280154056,0.12659825747879963,-0.37870830648846726,0.4747115807100798,0.06366022542739143,-0.14088775042976145
mp-23499,K2SnCl6,0.21230262892645343,0.08556027117588963,-0.343944400863232,0.4772921684315015,-0.6748088949055726,-0.9900298341094657,1.0464875306501336
mp-11019,GaCuO2,-0.8349720010530879,-0.2207287110665868,-0.107906715571138,-0.2234951650705218,-0.012963772581409114,1.1130350762567427,-0.7764220560710356
mp-27724,BPS4,0.08762707773841269,-0.551726720447952,-0.3056265948093207,-0.5222804623000666,-0.5441815681310666,-1.5433954173927713,0.09006657062596701
mp-866062,HfSiRu2,-1.215232432176612,3.457827704235491,3.370583718002936,1.7997081333123959,4.114859753492979,4.353936615956164,-1.100375967902844
mp-866141,TiFe2Si,-1.0718555483103651,2.642429808652159,2.303815997462044,1.6507035175511686,3.2004684660714378,1.541079806659577,-1.2355319823880697
mp-28110,Rb2PtI6,-1.0032839951569428,-0.1970492267251517,-0.16078528792553565,-0.13424760875520325,-0.143591099355915,0.4162487369031512,2.229491245121818
mp-4255,Ba(CuS)2,-1.0032839951569428,0.7491006041348005,0.25764515418317646,0.8684292848047237,0.7185492573558241,0.8607751672304855,-0.7126667639018909
mp-30250,YAgO2,0.1873675186888453,-0.17336974238371652,-0.18071054707356962,-0.07837087784474293,-0.1958420300657174,0.8244554939423145,-0.30632298383742124
mp-558761,MnSnF6,0.1811337411294434,-0.4709076108478364,-0.38302856303822164,-0.32205550987091713,-0.8141447101317122,-0.21467073620671173,-0.4278722760780544
mp-9479,Mg(AlSe2)2,-0.666660006949233,-0.34375907536230427,-0.14162638489857995,-0.37482797795301853,-0.10004865709774649,-0.36390503734127577,0.1686272047383074
mp-555911,TlAsF6,1.5774999144354986,-0.17645837077607765,-0.3768977140695958,0.11564554892768877,-0.7967277332284447,0.41217326201272925,-0.33317058746771755
mp-7643,K2AgSb,-0.5793871211176046,-0.11108240313776759,0.009345770953830823,-0.17693122264513822,0.23958239251596908,-0.3414299919896847,1.1933889257520767
mp-12442,KAuF6,-0.005879585652617738,-0.42818158475350787,-0.36616872837450065,-0.2747155017384438,-0.7531852909702761,0.112266256841099,-0.344319262711922
mp-9517,SrTiN2,-0.8287382234936859,0.7938857158240366,0.11433655954154799,1.081071288547309,0.45729460380681236,0.2453784587767882,-0.4957801140335523
mp-8613,MnPS3,-1.227699987295416,-0.23462753883221177,-0.11710298902407673,-0.23513615067686772,-0.03908923793631013,-0.9407046012445073,0.6637968792643683
mp-558864,CrHgF6,-0.4360102372513579,-0.28970807849598484,-0.3056265948093207,-0.12726301739139573,-0.5528900565827003,0.5974875026183807,-0.5031159062065498
mp-10165,KAlTe2,-0.2614644655881009,-0.24852636659783683,-0.08798145642310409,-0.2855804216377,0.03057866967675977,-0.13082383368170936,1.0520433976211732
mp-7928,K2PtS2,-0.5544520108799965,-0.24904113799656366,-0.14699087774612757,-0.2265994278988807,-0.10875714554938004,0.17327851328888463,-0.4235785616077858
mp-8407,Li3LaP2,-0.9409462195629226,0.8530844266776245,0.3641686550130501,0.9173214243513766,0.8927190263884989,-0.4460738031466926,-0.6109364875499892
mp-541899,CsCdBr3,0.4865888415401428,0.19366226490852825,-0.30409388256716424,0.5999105501516784,-0.5441815681310666,0.08721407295585873,2.109238635865174
mp-5033,Tl2SiF6,1.7832145738957659,0.06599895802426915,-0.36463601613234414,0.46875544565351457,-0.7444768025186423,0.8679072482887237,-0.042060129523494263
mp-3748,AlCuO2,-0.19912668999408062,-0.26654336555327657,-0.1293646869613283,-0.27083517320299516,-0.06521470329121154,0.47678152571676957,-1.28964086294131
mp-9571,Ca(ZnAs)2,-1.078089325869767,0.48862627637901396,0.5480941240718247,0.18161113403031554,1.1800991452924119,0.4628170308716473,-0.6062774632658161
mp-7100,LaOF,1.5276296939602825,0.07217621480899142,-0.28340226729805207,0.39580526918708026,-0.48322214896963056,1.0205577563167296,-0.7019543969934344
mp-7908,Al2ZnTe4,-0.30510090850391525,-0.2021969407124202,0.07831782185087126,-0.38414076643809525,0.38762669619374246,0.3108857242948922,0.5731522407593397
mp-27635,Rb2SnI6,-1.246401319973622,0.2667598035277412,-0.19143953276866477,0.5960302216162298,-0.22196749542061844,0.004026438427836694,2.5649134026074463
mp-5479,RbAlF4,2.9676323101821516,-0.3694976452986468,-0.3998883977019426,-0.15209712001826692,-0.8838126177447821,-0.38446221215619764,-0.8026243567265682
mp-752927,LiAgF2,-0.2739320207069049,0.07680915739753306,-0.2987293897196166,0.41831117469268225,-0.5267645912277991,0.7563710898905616,-0.7525748212850337
mp-9566,Sr(MgSb)2,-0.7102964498650473,0.08092732858734797,0.22239277261357807,-0.10320498047161415,0.6575898381943881,-0.06166062745308015,-0.12334887296236725
mp-9846,RbCaSb,-0.3861400167761416,-0.12395168810593886,-0.08185060745447827,-0.10398104617870385,0.047995646580027244,-0.5471216070474457,0.8672164061218653
mp-8176,RbTlO2,-0.7913355581372736,0.03150927430957023,-0.14852358998828408,0.19790851387919986,-0.11746563400101397,2.0412244825503154,-0.98615609817794
mp-8348,TlSbF6,1.3780190325346335,-0.10902331754286014,-0.3784304263117523,0.21886228797062246,-0.7967277332284447,0.4813364682413582,-0.20493051273752116
mp-4175,ZnSnP2,-0.884842221528304,0.041289930885380376,0.4477014722105769,-0.39112535780190283,1.0320548416146387,0.12023740625913,0.20352432143413657
mp-7173,ScSbPt,-0.9222448868847163,0.36044819809602807,0.9197768427947649,-0.3880210949735439,1.7026084523904355,3.003695824686848,-1.0382939653720802
mp-3163,BaSnO3,-1.090556880988571,0.39802651020308827,-0.13626189205103242,0.7380502460136497,-0.08263168019447902,1.6081453419887248,-0.9543360668728619
mp-27546,CaClF,2.2133452254945056,-0.14299822985883232,-0.3240191417151981,0.11254128609932994,-0.6051409872925027,-0.7363315221807063,-0.6192151986744381
mp-10616,BaLiAs,-0.9471799971223245,0.558120415207139,0.2453834562459248,0.5929259587878708,0.6924237920009231,0.11813973535964774,-0.8563842842544515
mp-27369,RbGeCl3,1.0226937116487176,-0.3257420764068645,-0.3408789763789191,-0.1458885943615491,-0.6661004064539389,-0.9576657688031744,1.7746709414941946
mp-8716,K2MnSe2,-0.7040626723056452,-0.28713422150235063,-0.2205610653696374,-0.20952598234290673,-0.30034389148532226,-0.6604557690737352,1.509065186083781
mp-505825,Cs2PtC2,-0.5295169006423883,-0.08276997620779074,-0.07035526563830483,-0.05353677521787165,0.07412111193492826,0.6879870185674537,-0.15893758003764472
mp-23054,NaBiO3,-0.6417248967116249,-0.21815485407295263,-0.20906572355346403,-0.11717416319922927,-0.26550993767878733,1.1553480949720045,-0.14743598855197973
mp-27304,K2MnCl6,-0.6354911191522228,-0.2706615367430914,-0.2902994723877561,-0.11406990037087036,-0.5006391258728978,-1.0923961740041788,0.7855169359256785
mp-570008,Sr3BiN,-1.1591284341419936,1.6375960383373456,0.9833844008442577,1.4729844706276212,1.7809848484551396,0.81097046673136,-0.2135240322965653
mp-5431,BaTeO3,0.36814706791150426,0.24256554778757905,-0.26271065202893995,0.6317292441423572,-0.4222627298081944,0.6629947681364847,0.3073021887180199
mp-11023,ScAuO2,-0.22406180023168878,0.025332017524847966,-0.007514063709890161,0.04579963528961333,0.20474843870943413,2.278860628734471,-0.5396375718357046
mp-9008,RbTeAu,-0.6292573415928208,-0.20682988330096186,-0.09487866151280813,-0.21573450799962454,0.013161692773492292,0.9890926928245025,0.6867310470799869
mp-7922,CaPdF6,-0.005879585652617738,-0.47502578203765133,-0.3500752498318578,-0.3616348609324932,-0.6922258718088401,-0.39788730591288146,-0.448135332638367
mp-29584,K4BeAs2,-0.7664004478996654,-0.3072103060526978,-0.19680402561621238,-0.26385058183918764,-0.2393844723238859,-1.2355771962573812,0.8204860926303048
mp-4961,Na2HgO2,-0.2926333533851112,-0.3900885012477208,-0.2780377744505045,-0.3065341957291226,-0.46580517206636307,0.8996120455980348,-0.8738284531678397
mp-28698,Na4IrO4,-1.0531542156321592,-0.2953705638819803,-0.26194429590786167,-0.18003548547349713,-0.41355424135656066,0.2557469463656558,-0.422082505174529
mp-19409,Mn(AsO3)2,-0.24899691046929692,-0.1466016296499203,-0.24125268063874958,0.023293729784011324,-0.35259482219512467,0.5158581379014024,-0.6928681808194036
mp-10644,TaTl3Se4,0.08139330017901078,0.3419164277418615,0.0032149219852049987,0.5122151252505392,0.23087390406433556,1.6951087841358143,0.9891209152039678
mp-9386,CsAu3Se2,0.03152307970379449,-0.1296141734919342,-0.16001893180445745,-0.03335906683353877,-0.143591099355915,1.708294144075414,0.42770407604614924
mp-10322,BaHfN2,-0.5419844557611924,0.7815312022545923,0.0016822097430485084,1.1765273705193455,0.23087390406433556,2.1719393463151686,-0.20768108180642433
mp-31454,TaSbRu,-0.9035435542065103,0.9086797377401243,0.9542628682432851,0.4035659262579775,1.7461508946486048,4.256364952403125,-1.0990545967727816
mp-4081,TaCu3Se4,-0.32380224118212125,-0.3839112444629986,-0.01977576164714181,-0.5587555505332839,0.17862297335453312,1.161701041124721,0.20492517449389216
mp-29025,Li5Br2N,-0.024580918330823712,-0.32419776221068386,-0.269607857118644,-0.21573450799962454,-0.4396797067114619,-1.0399544015171331,-0.25866110944525467
mp-23048,CsMnBr3,-0.5170493455235843,-0.11880397411867027,-0.30026210196177305,0.12495833741276557,-0.5354730796794328,-0.09714123238145829,1.914124495857768
mp-7434,NaCuTe,-0.9284786644441184,0.03665698829683872,0.16798148801702387,-0.11484596607796008,0.5530879767747833,0.5911345564656643,-0.29727727476921956
mp-9631,AlAgO2,-0.4422440148107599,-0.20837419749714237,-0.107906715571138,-0.2048695881003684,-0.012963772581409114,1.1224446285772753,-0.7699376688382299
mp-776230,LiFeF4,0.6361995029657918,-0.30257736346415615,-0.3669350844955789,-0.08457940350146069,-0.7531852909702761,-0.5110416675763583,-0.9992105235351767
mp-29763,RbMnBr3,-0.5856208986770066,0.295072230457718,-0.2994957458406948,0.7481391002058163,-0.5267645912277991,-0.22839549723474992,1.6974369418201605
mp-7738,LaSeF,-0.24276313290989487,0.332650542564778,-0.07188797788046132,0.5743003818177174,0.06541262348329434,1.1621805087588883,-0.39021480819864246
mp-9672,K2NiP2,-0.9222448868847163,-0.0662972914485315,0.10590664220968753,-0.20719778522163754,0.43987762690354487,-0.9205669606094817,0.8491616236054892
mp-28944,BiTeCl,-0.37990623921673955,0.34706414172912986,0.025439249496473595,0.4974698768158344,0.27441634632250406,0.7562512229820195,0.6196660391596384
mp-30847,TiSnPt,-0.8287382234936859,0.5941544131180184,1.0393283976829684,-0.15675351426080533,1.8506527560682096,3.4395319041449017,-1.0876710367670142
mp-20329,InAgO2,-1.1715959892607977,-0.28713422150235063,-0.12706561859809368,-0.3042059986078534,-0.06521470329121154,1.5850709620944248,-0.4375246294106668
mp-10402,TiTl2F6,1.09126526480214,1.4054341375115356,-0.320187361109807,2.4430666044897795,-0.596432498840869,1.1213658264003994,-0.1027480964436456
mp-12558,LiMgAs,-0.46717912504836795,-0.09306540418232773,0.059158918823915566,-0.20021319385783,0.34408425393557396,-0.7473592777665538,-1.0931781706095849
mp-7430,Ca(CdSb)2,-1.252635097533024,1.9047623942765812,2.4440591676193595,0.39658133489416997,3.331095792845943,0.9058451248422092,-0.1875241333075637
mp-6973,CsNaS,0.1811337411294434,-0.2613956515660081,-0.2611779397867835,-0.12959121451266484,-0.41355424135656066,-0.5095433312195856,0.2121966521063999
mp-9010,RbAuS,-0.08068491636544205,-0.13270280188429534,-0.2366545439122802,0.03959110963289551,-0.34388633374349076,0.6953588334427759,0.29696685427982733
mp-7472,RbAuO2,-0.41107512701374976,-0.47657009623383184,-0.28186955505589556,-0.4330329059847481,-0.4745136605179968,0.8753989300725874,0.18988353503711558
mp-560008,PNF2,2.1821763376974954,-0.5939379751435538,-0.38915941200684745,-0.501326688208644,-0.8402701754866134,-1.193443977904932,-0.42004198503393186
mp-13949,Cd(GaTe2)2,-0.672893784508635,-0.08122566201161022,0.21243014303956106,-0.3375768240127116,0.6401728612911206,0.7002733766929902,0.7182191073871151
mp-30993,LaIO,0.7297061663568222,-0.10387560355559164,-0.21289750415885517,0.05899275231013869,-0.28292691458205477,0.8059959900268744,0.028469124960820533
mp-27419,LiBiF6,0.26217284940166974,-0.42818158475350787,-0.3684677967377353,-0.27238730461717464,-0.7618937794219098,0.3654851011356906,-0.5361491634160284
mp-557519,CaCrF6,-0.267698243147503,-0.4487724407025818,-0.3745986457063611,-0.29722140724404583,-0.7793107563251772,-0.9022872570568544,-0.39848552036596513
mp-7940,KNbSe2,-0.8910759990877062,-0.07607794802434163,0.33581347853315574,-0.4547627457832604,0.8491765841303304,0.5684797107512606,0.21660548115392156
mp-37906,LiMgN,0.09386085529781486,-0.20940374029459605,-0.16308435628877035,-0.15054498860408752,-0.15229958780754893,-1.078251878796244,-1.3858139579661684
mp-8001,LiAlO2,2.493865215667597,-0.10284606075813796,-0.31865464886765055,0.16764195130270046,-0.5877240103892353,-0.5344157147420128,-1.367856807158308
mp-8393,Tl3SbS3,-0.3300360187415233,0.33882779934950025,0.11203749117831335,0.3973574006012597,0.4485861153551788,1.3916057717079295,0.4683684745641421
mp-10182,LiZnP,-0.48588045772657407,0.07938301439116736,0.21626192364495225,-0.09932465193616552,0.6401728612911206,-0.3550948195634521,-1.2189394454721716
mp-11917,Mg(BeN)2,1.2159408159901808,-0.13682097307411015,-0.19450495725297767,-0.0093010299137572,-0.23067598387225235,-0.6959963074563844,-1.3125249564021708
mp-5175,NaInO2,-0.13055513684065834,-0.19087196994042946,-0.2535143785760012,-0.031030869712269572,-0.39613726445329317,0.7528949495428484,-1.177010904517067
mp-6920,KNO3,0.523991506896555,-0.5084859229548966,-0.39069212424900396,-0.3709476494175699,-0.8402701754866134,-1.2775905477012885,-0.8701025795067859
mp-35311,ZnCrF6,-0.3549711289791314,-0.3545692747355681,-0.3286172784416675,-0.2017653252720095,-0.6225579641957701,-0.3238095564340374,-0.6270672434869591
mp-557373,Cu2WS4,-0.3549711289791314,-0.4338440701395032,-0.09411230539172992,-0.5587555505332839,0.013161692773492292,0.2558068798199266,-0.08578446021998061
mp-25005,MnSnO3,-0.7726342254590677,-0.08946200439123984,-0.20216851846375994,0.0698576722093949,-0.24809296077551984,0.9931082342606532,-0.41546619920611016
mp-28473,CClF3,2.799320316078297,-0.6464446578136926,-0.4113837395181161,-0.5579794848261941,-0.9273550600029506,-1.3596394465981636,0.1481620480509828
mp-12908,ScAgSe2,-0.8973097766471081,0.7120370634264673,0.38639298252431864,0.6821735151031894,0.9362614686466674,0.9814811441320967,-0.7991546615442776
mp-28302,K4CdP2,-0.8100368908154797,-0.3180205054259617,-0.17687876646817843,-0.3003256700724048,-0.1871335416140835,-1.236895732251341,0.9476454667961541
mp-866132,Na2TlSb,-1.0843231034291692,8.120112262504582,2.23177852208069,9.981768883159386,3.130800558458368,0.8393789240557707,-0.5733011831682079
mp-559161,CrCdF6,-0.28639957582570913,-0.399869157823531,-0.34317804474215374,-0.25531385906120063,-0.6661004064539389,-0.14772506778610578,-0.5042105768340407
mp-570172,HgIBr,0.14373107577303115,-0.20580034050350818,-0.2726732816029569,-0.03413513254062848,-0.44838819516309564,0.5475629352107131,1.0150955559400783
mp-13903,ZnSnF6,0.9915248238517075,-0.4364179271331375,-0.3768977140695958,-0.27626763315262326,-0.788019244776811,0.056168543643527656,-0.5215477901721672
mp-37153,AgAsF6,-0.2739320207069049,-0.5398869782772344,-0.37996313855390873,-0.42915257744929947,-0.8054362216800784,-0.5530550190202658,-0.158526636036242
mp-865101,NaLi2Bi,-1.1154919912261794,0.5452511302389677,0.7097952656193307,0.10322849761425314,1.4152283334865223,0.33024423002439607,-0.8241229040516864
mp-22937,Na4I2O,0.056458189941402635,-0.3350079615839478,-0.2902994723877561,-0.2110781137570862,-0.5006391258728978,-0.493301365112169,0.12497256298795478
mp-3772,Cd(GaSe2)2,-0.47964668016717205,-0.19138674133915629,0.014710263801378437,-0.3034299329007637,0.25699936941923657,0.46893024320728016,0.23925236919651363
mp-10748,TaCu3S4,-0.12432135928125632,-0.4322997559433226,-0.09028052478633873,-0.5603076819474633,0.021870181225125837,0.4267370914005598,0.030877122848047805
mp-27418,KAuO2,-0.654192451830429,-0.27529447933163304,-0.22515920209610682,-0.18702007683730465,-0.30905237993695583,1.3911263040737623,-1.0065948966538472
mp-9657,LiAsO3,0.7920439419508425,-0.17645837077607765,-0.2780377744505045,0.015533072713114082,-0.46580517206636307,0.06803536758916773,-0.6791203918996005
mp-760375,Li3VS4,-0.14925646951886445,-0.5470937778594104,-0.3132901560201029,-0.5075352138653618,-0.5703070334859678,-1.5669492649212386,0.46006743169213843
mp-32403,Ni(HO)2,0.6299657254063895,-0.4487724407025818,-0.3025611703250078,-0.3701715837104802,-0.5354730796794328,-0.19297482576064254,-1.299952480593313
mp-4608,KPF6,3.0549051960137796,-0.45443492608857716,-0.4129164517602725,-0.26695484466754654,-0.9360635484545844,-0.8903604996569433,-0.547056498479535
mp-13983,ZnPdF6,-0.3300360187415233,-0.3916328154439014,-0.242785392880906,-0.34456141537651924,-0.36130331064675825,0.2188279385347755,-0.6383698083334419
mp-20282,CsPbF3,0.7608750541538322,0.26778934632519485,-0.33551448353137153,0.7434827059632777,-0.6486834295506714,0.8954766372533421,0.6749549678885092
mp-7921,MgPdF6,-0.1804253573158745,-0.47451101063892437,-0.3194210049887288,-0.3919014235089926,-0.5877240103892353,-0.14790486814891862,-0.6498872938505325
mp-11739,KLaTe2,-0.2614644655881009,-0.0729893196319806,-0.0864487441809476,-0.02249414693428255,0.03057866967675977,0.2054028447780917,-0.07809605945929964
mp-5513,Tl3VS4,-0.1056200266030502,0.4433263932910511,0.010112127074909034,0.658115478183408,0.24829088096760302,0.9794434066868858,0.6120573553650867
mp-28553,Ca2IN,0.14373107577303115,0.03614221689811188,-0.12093476962946785,0.17695473978777726,-0.047797726387944064,-0.13160296858723122,0.19141317627687632
mp-10401,Tl2SnF6,1.3530839222970252,1.3884466813535494,-0.3378135518946062,2.435305947418882,-0.6486834295506714,1.3746446041492622,-0.02107817175159541
mp-5038,CsGaS2,0.5800955049311732,-0.23565708162966553,-0.2780377744505045,-0.07371448360220453,-0.46580517206636307,-0.5055877232377055,1.0121828997370161
mp-31149,Ca3BiN,-1.090556880988571,1.0039124465045919,0.6630475422335589,0.842043050763673,1.3542689143250868,0.3593119553457869,-0.48618895272808954
mp-2964,NaNO2,0.1873675186888453,-0.4894393812020031,-0.38609398752253454,-0.34688961249778844,-0.8228531985833459,-1.280647153869105,-1.1350767316689052
mp-29521,RbBiO2,0.05022441238200074,-0.13836528727029065,-0.2611779397867835,0.055888489481779845,-0.41355424135656066,1.0623313739435534,0.15923782830690095
mp-23818,BaLiH3,0.056458189941402635,0.023272931929940604,-0.1738133419838655,0.21110163089972522,-0.17842505316244994,-0.2507506756777989,-1.0424816579997405
mp-4266,KAsF6,1.7645132412175595,-0.41994524237387826,-0.40601924667056843,-0.22194303365634238,-0.9012295946480496,-0.6653103788696787,-0.4452933089118978
mp-3654,RbCaF3,2.668410987330854,0.025846788923574806,-0.3929911926122386,0.43693675166283574,-0.8489786639382472,-0.5383113892696219,-0.7624885888637919
mp-24964,SrFeO2,-1.0718555483103651,-0.4961314093854522,-0.16155164404661393,-0.5843657188672448,-0.143591099355915,0.49368275982116605,-1.1118451423683358
mp-7438,KZnSb,-1.040686660513355,0.7882232304380413,1.3435717777510248,-0.1722748284025999,2.2164092710368264,-0.1989082377334623,0.2925328702871681
mp-27294,Ca3AsBr3,-0.2801657982663071,-0.17285497098498967,-0.17151427362063087,-0.08690760062272988,-0.169716564710816,-0.4710660535776618,0.47152322070957353
mp-30315,Ca3BN3,-0.9658813298005305,0.16895323776963936,-0.14239274101965824,0.3989095320154391,-0.10004865709774649,-0.8559586969054415,-0.6392079951677074
mp-12317,SrCN2,0.6798359458816058,-0.34375907536230427,-0.3140565121411812,-0.20021319385783,-0.5790155219376015,-0.7043869910543118,-0.9862127786445732
mp-7639,Na2CuP,-0.9097773317659122,0.22660763442704673,0.2545797296988636,0.08382685493700996,0.7098407689041906,-0.7427444017876939,-0.08330767340664631
mp-28243,RbLiCl2,1.8891887924056003,-0.13012894489066104,-0.36233694776910946,0.17074621413105945,-0.7357683140670086,-1.0471464160296422,0.5740130217490159
mp-4482,NaSbO3,0.36191329035210235,-0.34581816095721163,-0.3025611703250078,-0.21495844229253486,-0.5354730796794328,0.3114850588376015,-0.31228992764145347
mp-23038,CsVBr3,-0.9160111093253144,-0.26448427995836915,-0.28876676014559965,-0.10630924329997306,-0.5006391258728978,-0.032233301406063584,1.7861896543402618
mp-8623,K2Te2Pt,-0.8287382234936859,-0.1388800586690175,-0.012112200436359563,-0.19710893102947108,0.1960399502578006,0.6106129291037097,0.022168393989014788
mp-27839,K2TiCl6,-0.024580918330823712,-0.10541991775177216,-0.3094583754147118,0.15444883428217512,-0.561598545034334,-1.1712086663704244,0.8784677436312812
mp-9144,LiAsF6,1.8829550148461978,-0.4539201546898504,-0.40142110994409913,-0.2778197645668027,-0.8838126177447821,-0.5939895682872968,-0.6639528217491284
mp-557257,KVF3,-0.03081469589022589,-0.3185352768246885,-0.3822622069171434,-0.09311612627944771,-0.8141447101317122,-0.5695367189447658,-0.9342998606041752
mp-28075,K2Ti2O5,0.6923035010004099,-0.17491405657989703,-0.28340226729805207,0.023293729784011324,-0.48322214896963056,-0.7739697314628374,-0.21353549983719933
mp-29151,Li5NCl2,-0.11185380416245223,-0.1666777142002675,-0.2757387060872698,0.027950124026549655,-0.4570966836147293,-1.4406095433181618,-0.5651828190994929
mp-7067,Ca(CdAs)2,-1.1840635443796017,1.9428554777823683,2.4716479879781756,0.42607183176357954,3.348512769749211,0.8044377202158306,-0.42985398021849397
mp-8714,Rb2MnS2,-0.6292573415928208,-0.2943410210845265,-0.24891624184953182,-0.19167647107984306,-0.37872028755002574,-0.6211993565262895,1.4304229130497856
mp-8861,Rb2MgF4,2.5624367688210197,-0.42818158475350787,-0.3937575487333168,-0.24677713628321366,-0.8576871523898809,-0.25093047604061175,-0.48155291019851837
mp-760417,Rb4I2O,-0.7913355581372736,-0.31287279143869323,-0.3301499906838239,-0.13735187158356216,-0.6312664526474039,-0.45979856417473075,1.3411585115974736
mp-24292,Sr2H6Ru,0.06892574506020671,-0.19344582693406373,-0.22745827045934144,-0.0612974322887689,-0.31776086838858975,0.017811132910145654,-0.567087002138645
mp-10226,NaYS2,0.10009463285721676,-0.03386669332873993,-0.16078528792553565,0.11176522039224022,-0.143591099355915,-0.6091527322178368,-0.7622788430819027
mp-552729,KIO3,0.28087418207987597,-0.1888128843455221,-0.28033684281373916,-0.0007643071357702487,-0.46580517206636307,-0.21988494672828066,-0.7536979458254472
mp-16764,RbYTe2,-0.47341290260776997,-0.07401886242943428,-0.0634580605486008,-0.047328249561153835,0.08282960038656181,0.30009770252612866,1.4164294696357207
mp-8621,K2PtSe2,-0.7414653376620574,-0.20940374029459605,-0.09181323702849521,-0.2227190993634321,0.021870181225125837,0.5435473937745624,-0.26540407781585673
mp-9565,Ca(MgSb)2,-0.8287382234936859,0.14218512503584313,0.2607105786674894,-0.049656446682423035,0.7185492573558241,-0.22443988925286978,-0.22303910618849632
mp-27882,Cs2GeCl6,0.056458189941402635,-0.39214758684262824,-0.34624346922646676,-0.24056861062649584,-0.6835173833572064,-0.6536233552868514,1.326501386794154
mp-27315,CaTiF6,1.5525648041978906,-0.4322997559433226,-0.39222483649116036,-0.2545377933541109,-0.8489786639382472,-1.1189466942461916,-0.22460438899355561
mp-7569,KAsF6,1.7333443534205495,-0.4240634135636929,-0.40601924667056843,-0.2281515593130602,-0.9099380830996834,-0.6734013951962515,-0.4397231990980062
mp-20727,Sb2PbO6,-0.11808758172185427,0.12262381188422285,-0.2144302164010116,0.40201379484379807,-0.28292691458205477,1.4581918394029094,-0.30068239586161005
mp-11020,GaAgO2,-0.9596475522411285,-0.171825428187536,-0.0856823880598694,-0.1722748284025999,0.03928715812839331,1.643805747279916,-0.6774536350636124
mp-11824,Ca3PN,-0.8225044459342838,1.8471079976191738,0.11433655954154799,2.66890172525289,0.45729460380681236,-0.9511330222876454,-0.625352460313899
mp-23021,K2ReBr6,-0.7165302274244493,0.024302474727394285,-0.28033684281373916,0.3205268955993767,-0.4745136605179968,-0.08269726990216927,1.4238275391937014
mp-13907,CdSnF6,1.0787977096833359,-0.46473035406311425,-0.3822622069171434,-0.31351878709293013,-0.8141447101317122,0.10585337723411174,-0.3603124610474615
mp-8279,Ba(CdP)2,-0.8973097766471081,0.5035546469420926,0.4469351160894987,0.30655771287176165,1.0320548416146387,0.6976962381593412,-0.35746930407806354
mp-9567,Ba(MgSb)2,-0.7913355581372736,0.13343401125748677,0.26147693478856765,-0.06362562941003809,0.7185492573558241,0.07235057629667326,-0.008868385958265746
mp-22628,CsNO3,0.5925630600499773,0.13034538286512554,-0.3500752498318578,0.5510184106050257,-0.6922258718088401,-0.4288729017709415,0.2060508428696481
mp-23046,SrIF,1.365551477415829,-0.3628056171151977,-0.2979630335985384,-0.24522500486903417,-0.5267645912277991,0.193296287015368,0.057126929424248345
mp-6980,ScCuS2,-0.7788680030184696,0.305367658432255,0.2530470174567072,0.20411703953591767,0.7098407689041906,-0.16516570297894048,-0.9563796377047795
mp-560023,NiSnF6,1.2284083711089846,-0.4920132381956373,-0.3761313579485176,-0.3608587952254035,-0.788019244776811,0.11724073354558406,-0.5751624121680401
mp-9570,Ca(CdP)2,-0.8100368908154797,0.49583307596118986,0.37029950398167594,0.37252329797438843,0.9101360032917664,0.33485910600325597,-0.5345281808696942
mp-9881,KAuSe,-0.18665913487527655,-0.1126267173339481,-0.19680402561621238,0.029502255440729142,-0.2393844723238859,0.7053677203060174,0.2941712187744985
mp-8399,CsCdF3,0.7297061663568222,-0.2402900242182072,-0.35697245492156193,-0.0007643071357702487,-0.7183513371637411,0.657540823797832,-0.733364848101175
mp-510281,FeCuO2,-0.8162706683748818,-0.025630350949110304,0.0744860412454802,-0.11406990037087036,0.3789182077421089,0.6993144414246558,-1.226788118965538
mp-29484,K4HgAs2,-0.884842221528304,-0.3020625920654293,-0.14315909714073646,-0.3104145242645712,-0.10004865709774649,-0.6801139420745934,1.1227488029780732
mp-30925,La(NO2)3,0.05022441238200074,-0.3195648196221422,-0.3140565121411812,-0.16373810562461286,-0.5790155219376015,-0.5048085883321837,-0.2970725816381248
mp-34467,Zn(GaS2)2,-0.14302269195946243,-0.27169107954054506,-0.09257959314957342,-0.3158469842141993,0.021870181225125837,-0.2886885522312847,-0.17608156857603563
mp-5967,TiCoSb,-0.666660006949233,0.8721309684305179,1.0140386456873869,0.2879321359016082,1.824527290713308,1.9354419357621606,-1.1834545344914038
mp-11520,YNiSb,-1.1341933239043853,0.35993342669730116,0.8814590367408536,-0.3499938753261473,1.6503575216806334,1.6518368301522175,-1.0474330110015948
mp-19308,Li2NiO2,0.9915248238517075,-0.2541888519838322,-0.26577607651325286,-0.11406990037087036,-0.43097121825982815,-0.09408462621364212,-0.8240034908973309
mp-558111,Rb2MnF6,0.7359399439162241,-0.45649401168348464,-0.3899257681279257,-0.2933410787085972,-0.8402701754866134,-0.459678697266189,-0.014318979411712979
mp-9143,LiPF6,3.3790616291026856,-0.44928721210130873,-0.4113837395181161,-0.26074631901082873,-0.9273550600029506,-0.8941363072760106,-0.7478236176096207
mp-28405,S(ClO)2,0.9541221584952952,-0.5826130043715632,-0.38839305588576917,-0.48502930835975977,-0.8315616870349797,-1.4758504144294566,0.960373404972339
mp-23072,BiBrO,0.09386085529781486,1.6468619235144288,-0.10330857884466858,2.5874148260084686,-0.0042552841297751835,1.862442988460193,-0.28350492151142126
mp-34127,K2NaAs,-1.227699987295416,0.022243389132486923,0.20629929407093522,-0.1753790912309588,0.6227558843878531,-1.196680384435561,1.0334447325805909
mp-9158,LiCuO2,-1.0843231034291692,0.11490224090332016,0.0744860412454802,0.09779603766462502,0.3789182077421089,0.101058700892439,-1.307746407109893
mp-3589,BPO4,3.2045158574394286,-0.5079711515561697,-0.35697245492156193,-0.4043184748224282,-0.7183513371637411,-0.918948757344167,-1.029209927036407
mp-4547,La2TeO2,-0.05574980612783404,0.3758913400578335,-0.057327211579974974,0.6247446527785497,0.10024657728982929,1.3485136180871455,-0.5501869775617083
mp-27850,TiNCl,-0.9721151073599326,2.2985625143026223,0.10130850548321813,3.3627044673911057,0.4311691384519113,-0.7347732523696628,-0.5879349234399155
mp-38117,Ba(GaTe2)2,-0.9908164400381387,-0.06681206284725834,0.11280384729939157,-0.21495844229253486,0.4485861153551788,0.5724952521874118,0.9014912219037704
mp-10492,Rb2SiF6,3.036203863335574,-0.4739962392401975,-0.4113837395181161,-0.2979974729511356,-0.9273550600029506,-0.558209296087564,-0.06940173433005555
mp-36582,NaHS,0.6424332805251937,-0.3113284772425126,-0.3025611703250078,-0.16296203991752314,-0.5354730796794328,-1.448520759281922,-1.1689052796581436
mp-7929,Rb2PtS2,-0.5419844557611924,-0.26448427995836915,-0.15005630223044047,-0.24677713628321366,-0.11746563400101397,0.627514163208106,-0.3075590601877499
mp-19340,LiVO2,-0.20536046755348267,0.08041255718862104,-0.18760775216327366,0.3112141071142999,-0.2132590069689849,-0.15659521901820045,-1.3185625032575439
mp-9687,K2PAu,-0.7289977825432534,0.06393987242936179,-0.04659822588487981,0.14358391438291904,0.1263720426447307,0.10333617215473356,0.6861346051340311
mp-12814,Ba3SbN,-0.8786084439689021,1.3915353097459107,0.289832111268462,1.8043645275549345,0.7708001880656266,0.660897097237003,1.8227310614136778
mp-3277,BAsO4,1.334382589618819,-0.46215649706948003,-0.3209537172308852,-0.3717237151246596,-0.596432498840869,-0.4488906754974251,-0.9663008913269082
mp-30055,Rb3BrO,-1.0656217707509632,0.42788325132924554,-0.2902994723877561,0.9390512641498888,-0.5006391258728978,-0.48958549094737275,0.07375372679373764
mp-4809,Ga2HgS4,-0.34250357386032737,-0.13064371628938787,-0.04583186976380153,-0.15054498860408752,0.1263720426447307,0.2987791665321685,-0.004682950624538157
mp-14206,K3Ag3As2,-0.5419844557611924,-0.009672437588577894,0.049962645370976895,-0.06517776082421751,0.32666727703230647,0.03309416374922758,0.6657512199021463
mp-9845,RbCaAs,-0.5108155679641823,-0.06835637704343894,-0.10024315436035568,-0.0015403728428599588,0.004453204321858362,-0.6514657509330987,0.49657294365468485
mp-14791,Ge2Te5As2,-1.0656217707509632,3.3420041395219493,4.3967345641266835,0.5859413674240633,4.881206737236747,1.1356299885168755,0.9073544373497019
mp-9437,NbFeSb,-1.0032839951569428,1.5675871281104936,1.3466372022353377,0.9995843893028876,2.2164092710368264,2.5543147845635708,-1.1630160387523998
mp-24517,Rb2CaH4,0.7359399439162241,-0.2402900242182072,-0.3286172784416675,-0.02947873829809008,-0.6225579641957701,-1.0931753089097005,-0.15700371160785223
mp-540570,MgVO3,0.35567951279270016,-0.42663727055732725,-0.3017948142039295,-0.3375768240127116,-0.5354730796794328,-0.8216168276082103,-0.21632284783226347
mp-19156,BaMnO3,-0.12432135928125632,0.0376865310942924,-0.16078528792553565,0.21963835367771217,-0.143591099355915,0.7922712289988362,-0.22149168140206166
mp-8547,PdPtF6,-0.8412057786124899,-0.33964090417248943,-0.06958890951722663,-0.4415696287627351,0.07412111193492826,1.1709307930824413,-0.5551773899323977
mp-4226,LiCrS2,-0.9160111093253144,0.14527375342820437,0.2292899777032821,-0.01318135844920582,0.6662983266460221,-0.5876366221345802,-1.0545445040782162
mp-14116,CuRhO2,-0.7227640049838514,-0.05497232067654074,0.37643035295030175,-0.46407553426833714,0.9188444917434002,1.5458744830012499,-1.208839838324701
mp-23859,CaHCl,1.0725639321239337,-0.1970492267251517,-0.2665424326343311,-0.02715054117682095,-0.43097121825982815,-1.016880021622833,-0.6607397803321258
mp-10161,KZnSb,-1.1030244361073753,0.7321131479768145,1.2929922737598618,-0.2056456538074581,2.1554498518753897,-0.2220425510820334,-0.6981057933295778
mp-5342,GaAgS2,-0.7227640049838514,-0.2207287110665868,-0.003682283104499037,-0.32904010123472466,0.21345692716106807,0.19839063062839568,0.1156821588248843
mp-9775,NaSrAs,-0.8162706683748818,0.2302110342181347,0.13579453093173832,0.2095494994855458,0.4921285576133473,-0.28431341006950817,0.8476299012792927
mp-19833,InAgS2,-1.0843231034291692,-0.0874029187963324,0.1595515706851634,-0.2933410787085972,0.5356709998715158,0.30938738793811976,0.37084420126536116
mp-31235,BaNaBi,-1.1715959892607977,0.4901705905751945,0.6147671066056304,0.11642161463477849,1.2846010067120168,0.7147173391722792,1.8030206470022179
mp-23862,BaHI,0.43671862106492676,-0.2124923686869572,-0.2151965725220898,-0.10242891476452444,-0.28292691458205477,0.437225445897969,0.13096967283068064
mp-10223,Na2PdS2,-0.7289977825432534,-0.11314148873267495,-0.03663559631086286,-0.13347154304811354,0.14378901954799816,-0.41604714255696695,0.40530889850617446
mp-20930,InCuO2,-1.1715959892607977,-0.2984591922743413,-0.1324301114456413,-0.3158469842141993,-0.07392319174284509,1.1714701941708794,-1.124892834407553
mp-10166,NaAlSe2,0.01905552458499041,-0.0060690377974899215,-0.12783197471917188,0.12030194317022717,-0.06521470329121154,-0.32554762660789377,0.23711700893342705
mp-4586,LiAlTe2,0.19983507380764937,-0.32934547619795235,-0.08491603193879119,-0.410527000479146,0.03928715812839331,-0.16834217605529872,0.8154804594024627
mp-27421,RbBiF6,0.312043069876886,-0.41994524237387826,-0.38839305588576917,-0.23979254491940605,-0.8315616870349797,0.16542723077939517,-0.14838207800401904
mp-8405,Li3LaSb2,-1.1965310994984057,0.8463923984941752,0.6868045819869839,0.5805089074744352,1.3891028681316218,0.37021984402309255,-0.27775486596967214
mp-2918,YCuO2,0.330744402555092,-0.15689705762445727,-0.18147690319464782,-0.05276070951078194,-0.1958420300657174,0.4068991180368893,-0.41613939285704704
mp-557397,K2MnF6,0.717238611238018,-0.41994524237387826,-0.38839305588576917,-0.23979254491940605,-0.8315616870349797,-0.8307866461116594,-0.20434215115232662
mp-8147,K2As2Pd,-0.9160111093253144,-0.08637337599887872,0.10207486160429634,-0.2335840192626883,0.4311691384519113,-0.23780504955528256,1.300645033970173
mp-30459,ScNiBi,-1.2089986546172098,0.6281293254339906,1.203328607593709,-0.2716112389100849,2.050947990455785,2.573972957564429,-1.080444916679527
mp-864954,MgMoN2,-0.8599071112906961,0.06496941522681547,0.34807517647040725,-0.2545377933541109,0.8665935610335979,1.2345801215181467,-0.8995026978221574
mp-14088,Rb2PdF6,0.08762707773841269,-0.45186106909494295,-0.38302856303822164,-0.2933410787085972,-0.8141447101317122,-0.21011579368212258,0.03058803427537378
mp-690794,Sr2HN,-0.1928929124346786,0.3444902847354956,-0.12629926247701548,0.6472505582841517,-0.05650621483957761,-0.15497701575288594,-0.8830962663322393
mp-7128,Cd(AsO3)2,-0.11808758172185427,-0.15741182902318412,-0.23282276330688906,-0.0015403728428599588,-0.33517784529185723,0.8905021605488566,-0.6320639412718595
mp-13948,Cs2HfF6,3.185814524761223,-0.2768387935278136,-0.3853276314014563,-0.02715054117682095,-0.8228531985833459,0.46131869451487484,0.21177608490557492
mp-23060,Cs2PtI6,-0.9160111093253144,-0.26602859415454977,-0.18760775216327366,-0.2110781137570862,-0.2132590069689849,0.49925657106836036,2.44316366820602
mp-766862,Li2VF6,-0.11808758172185427,-0.1970492267251517,-0.35620609880048365,0.06364914655267709,-0.7183513371637411,-0.6498475476677842,-0.7262046366302762
mp-9778,K2AgP,-0.5544520108799965,-0.15123457223846193,-0.04046737691625399,-0.18702007683730465,0.13508053109636423,-0.6557210261863334,0.6844209286581204
mp-690785,Na2H6Pt,0.929187048257687,-0.37413058788718845,-0.3079256631725554,-0.25220959623284167,-0.5528900565827003,-0.05398914530640354,-0.6804277746607134
mp-8192,Rb2PtF6,0.3245106249956901,-0.4008987006209847,-0.3745986457063611,-0.2250472964847013,-0.788019244776811,0.49458176163522916,-0.07588156168799862
mp-14092,AlAgTe2,-0.666660006949233,-0.1970492267251517,0.12123376463125203,-0.4198397889642227,0.46600309225844627,0.5696783798366787,0.8804232767753131
mp-3038,Al2HgSe4,-0.4297764596919559,-0.13836528727029065,-0.004448639225577249,-0.20409352239327863,0.21345692716106807,0.49631983180908573,0.2306974845911466
mp-578614,NaCrO2,0.492822619099545,-0.28301605031253585,-0.22669191433826322,-0.19710893102947108,-0.31776086838858975,-0.042481922086389144,-1.2657572131178731
mp-22965,BiTeI,-0.5295169006423883,0.4613433922464908,0.2078320063130918,0.48505282550239875,0.6314643728394871,1.1772238057808866,-0.4240874419862362
mp-7176,RbLaSe2,0.12502974309482492,-0.08688814739760556,-0.16308435628877035,0.03415864968326748,-0.15229958780754893,0.22769808976687017,-0.28140124731788446
mp-27176,NaMnCl3,0.10009463285721676,-0.3205943624195959,-0.320187361109807,-0.15908171138207447,-0.596432498840869,-0.983197420322582,0.7591490128296358
mp-9361,RbLaS2,0.34944573523329825,-0.07710749082179541,-0.20216851846375994,0.08848324917954836,-0.24809296077551984,-0.20322344644096782,-0.4304096560621795
mp-5588,BaSiF6,3.3042562983898613,-0.3087546202488784,-0.38762669976469094,-0.07293841789511482,-0.8315616870349797,0.012956523114202133,-0.5768551711343618
mp-30058,TlSbO3,0.19360129624824746,-0.28147173611635523,-0.24814988572845362,-0.1730508941096896,-0.37872028755002574,1.2853437572856072,0.3063415372473531
mp-23860,SrHCl,1.1972394833119746,-0.25830702317364695,-0.286467691782365,-0.09932465193616552,-0.49193063742126414,-0.44972974385721803,-0.4775784831085082
mp-605034,K2NiF6,0.14996485333243306,-0.47451101063892437,-0.3791967824328305,-0.33136829835599385,-0.7967277332284447,-0.72404516405517,-0.27278601068215186
mp-568032,Cd(InSe2)2,-0.7788680030184696,-0.15535274342827676,0.032336454586177635,-0.26695484466754654,0.2918333232257715,0.5721955849160568,0.4731284060934726
mp-696944,LaHBr2,0.9229532706982851,-0.396265758032443,-0.24968259797061004,-0.34456141537651924,-0.37872028755002574,0.20198663788464982,0.5506425181594798
mp-16238,Li2AgSb,-1.2339337648548179,11.212858826055502,15.738038799963373,0.966989629605119,10.576558184605206,0.7708749858241214,-0.9502882886477019
mp-4405,Rb3AuO,-1.1902973219390038,0.3944231104120003,-0.06422441666967901,0.6596676095975873,0.08282960038656181,0.12587115096059512,0.11140692630688973
mp-3486,KSnSb,-1.1591284341419936,0.039745616689199854,0.40018739270372683,-0.34533748108360895,0.9536784455499349,-0.06573610234350206,0.6295471724525693
