material_id,formula,cluster,PC1,PC2,PC3,PC4,PC5,PC6
mp-441,Rb2Te,2,-0.5247848631669575,-0.4040252208924611,-0.0047140853761484,-0.34405920236437276,-0.4567242490259065,0.0034688769037613896
mp-22881,CdCl2,2,-0.9612067837798898,0.6845085585936695,-0.37308607832123897,-0.5987561660677133,0.10922313577832111,0.013025896215155876
mp-28013,MnI2,0,0.12188809455456025,0.15759262827202047,-0.7410144739725449,0.25788752049811536,-0.5109249986273444,0.13122586683466456
mp-567290,LaN,0,0.564165769225066,0.70421072441276,-0.948240943657774,0.6626099348260743,-0.34450290725133764,0.13513555450138617
mp-560902,MnF2,2,-0.9562322607390701,0.9569242853945857,-0.34822812595147146,-0.02173280775489866,-0.3241646902852432,0.21718121678586372
mp-22894,AgI,0,0.3878144663730754,-0.7201176220355695,-0.9901587161420672,-0.1037857302631753,0.18009504825444558,-0.0924639343240422
mp-1747,K2Te,2,-0.739171921124533,-0.27476536071250784,0.10871083715489713,-0.6950623994927541,-0.6103796388849433,-0.045592801085812304
mp-971,K2O,2,-0.857568141782127,0.7162510734452521,-0.053452548598293334,-0.34656819700718705,-1.3455215260386177,0.1663030864887883
mp-1500,BaS,2,-0.3480833194520671,1.1097781949973733,-0.4680273404583022,0.15797747246903956,-0.5536085324631459,0.13034404285751985
mp-2784,Na2Te,2,-0.5278786845719727,0.026506223854857732,-0.26374160509749217,-0.7061564390799401,-0.6507972272540403,-0.0402978657496797
mp-2693,SnSe,0,4.054156164142327,-0.11802722872677883,-0.6329095717402303,-1.9730559816982582,0.1470584987853813,0.21354791515808244
mp-1672,CaS,2,-0.7370015639164922,0.8850145542696708,-0.19075732834578643,-0.7295005008137654,-0.9293934779483721,0.018840433546491776
mp-2530,Li2Te,2,-0.45918352527254996,0.2210069045262144,-0.5700553768308516,-0.9310528284620622,-0.3252334012399051,-0.11392050506922656
mp-1186,ZrS2,2,0.33323336026707684,1.4966351364676025,0.3446537828991178,0.40604209862611496,-1.4131745012038388,-0.23270886647158612
mp-8426,K2Se,2,-0.8279643134596806,-0.04631016427935776,0.07175482635645829,-0.7308054881081876,-0.825057051953963,-0.009340822908690484
mp-568264,SiSe2,1,-0.35958227277949106,-1.4154126882170843,0.15276201267731923,-0.9432282787837944,0.06501838717779186,-0.32221357555397445
mp-1315,MgS,2,-0.8007690313014929,1.3454703464011701,-0.06722020925728033,-0.6181963930992048,-0.8637506456963505,0.007467342476756648
mp-567259,CdI2,0,-0.1789566469532081,0.47257058409015307,-0.6231638731511184,0.253392463230585,0.180279982638347,0.11563871113109234
mp-27934,CdBr2,2,-0.5768583061019288,-0.10089269627088746,0.08742631310319338,0.2700880622389194,0.5061010140162098,0.1055372850430755
mp-2114,YN,0,3.5971993307942016,3.7241165806701297,0.9957345375045625,1.3700270545762177,-1.336812093552826,-2.46908750991761
mp-8177,HgF2,0,0.9075560564086075,1.1427563931240245,-2.3285251565847496,1.6924819258914912,0.3099887774378442,0.37852670683093714
mp-2097,SnO,0,0.8289503760625496,0.645771911620911,-1.1498648174014663,0.7956890206385289,-0.6522891734177825,0.15926150442020925
mp-604884,BN,2,-1.2041325179648728,0.21898164427808964,-0.408596996924189,-2.2618322157283166,0.22994863070376867,-0.4678274099197339
mp-617,PtO2,0,1.5223968495915405,-0.13210366217541397,-2.9555174208337625,0.1602701238416577,1.3269721491787794,-0.14340464733192315
mp-1022,K2S,2,-1.0479151599118972,0.14658510432366065,0.20403151187360258,-0.8784959696574798,-0.9536452001278928,-0.0010087486772287087
mp-422,BeS,2,-0.7198908010417728,0.14128203481122356,-0.5844432140994305,-1.935573287229709,-0.3383484701412971,-0.35655637816531544
mp-23205,MgI2,2,-0.8059178200561372,0.30232466501324134,-0.30980953594775806,-0.6156044713117754,0.4520593990916398,-0.06526199872643608
mp-22867,RbBr,2,-1.355460925675928,0.8912692069164112,-0.12444271761169999,-0.7187828102601969,0.2274536750308504,0.03100978517335687
mp-22877,VCl2,0,-0.15592273101628498,-0.6662036847691533,-0.8086355909190164,-1.2981417597579203,-0.8679884641548002,-0.2838936197490908
mp-648,Na2S,2,-1.0153910086499192,0.3537006684117563,-0.0072823719301502035,-1.0713938491646702,-0.9697151355790592,-0.03910718617035272
mp-570259,MgCl2,2,-1.8878100102559028,1.0019770702579207,0.21989530100053722,-1.5710743893108894,0.5638697119955239,-0.16769284161024048
mp-762,PtS2,0,1.1724800357879845,-0.7643463989333531,-1.840814082389693,-1.0271589610966019,0.5918614762606377,-0.35017556525029286
mp-1105,BaO2,2,-0.23462621496455657,1.6413181574715094,-0.8160225412119032,0.807673587080064,-0.3214973009582238,0.20691462264110524
mp-2352,Na2O,2,-0.8183022434756614,0.6060353199939007,-0.3404820161568952,-0.7294144339604459,-1.2284661887220927,0.06966668077201073
mp-1115,PtSe2,0,2.1307534458427484,-0.7974309210597835,-2.243186158490857,-0.5842306624887069,0.8796110577888838,-0.21504973801969374
mp-1569,Be2C,2,-0.19475057702896004,0.6653964283385758,-0.42878113183380867,-0.8567286220024732,-1.521298451169569,-0.02496193514293802
mp-28306,MnBr2,2,-0.35549225414995417,0.31114740468280466,-0.534963913125454,-0.061483195158239495,-0.6952855503214134,0.12897656679134573
mp-2286,Li2Se,2,-0.8080145491219545,0.4880877802172654,-0.41108299745247534,-1.1217674448323454,-0.3897123711904962,-0.1097248068469808
mp-23209,SrCl2,2,-1.6974472972554622,1.4509008912310213,0.2140227045870814,-0.7023990658195319,0.5478549513109288,0.05197529759723921
mp-1285,PtO2,0,3.402625810719788,-0.42669172290488533,-3.197048776359358,0.29511362365669935,1.9210707687698318,-0.004580021673339105
mp-241,CdF2,2,-0.3885242107856667,1.409215020905224,-1.3079770516248073,0.5165041771154882,0.2808884148680636,0.26111950211124224
mp-2251,Li3N,2,-0.45381237307570155,0.05752310239742866,-0.10783169091761512,-1.3062368777827322,-1.8049197074915126,-0.09856927194889863
mp-984,BN,2,-1.273936498786051,0.17382853733035236,-0.34400523468162647,-2.3225842168830804,0.21875427703405623,-0.48592349158029946
mp-1266,Na2Se,2,-0.659697273350726,0.16762022496999351,-0.255745438206481,-0.8181432907546918,-0.8500157886607774,-0.030259491142220207
mp-570538,NaN3,2,-1.5982080158584953,0.8555907493655629,0.09799301601519489,-1.2477710626360574,-0.39704791438640485,-0.03190129114778306
mp-2659,LiN3,2,-1.5857628261767946,1.485051535421092,0.2665271503397591,-0.7560710651618386,-0.7870321230821554,0.11372268486927034
mp-8062,SiC,0,0.05066936600793289,0.039734917562075804,-0.955383389053266,-1.2897767034098138,-0.9517941265315978,-0.18984891156071765
mp-1778,BeO,2,-2.058612006729447,1.9546672157382539,-0.18505420502465572,-1.6284584513469638,1.1446932818450504,-0.1502290697908113
mp-13150,BN,2,-1.2143435876433906,0.29635900255931846,-0.5214491278319127,-2.3728904612336037,0.13847867102434103,-0.4847820063193595
mp-830,GaN,0,0.454663195710443,0.5529397216031803,-1.7047735899255174,-0.13224728831024102,-0.10731838705022588,0.01676239576868662
mp-1479,BP,0,0.49685547719188716,-0.9390082058243543,-1.2079082136543435,-2.287162350138428,-0.6873483312034616,-0.550074068089959
mp-22925,AgI,0,0.3912771744647287,-0.2771874801387071,-1.4478086719353642,-0.40375061455344285,-0.08348368370823334,-0.11231491163789487
mp-2646,Mg3Sb2,0,1.1967908225478578,0.33570815955652245,0.21472903102568724,0.138330016207904,-1.071754835616693,-0.0626011621953412
mp-13033,MgTe,0,-0.2111606824038976,-0.10000509546231305,-0.7924628403566626,-1.1187355519146456,-0.19953765403212834,-0.2150304102888109
mp-760,FeSe2,0,2.8570455159706123,0.1450353180611546,-0.9911492551231977,-0.18577682951404043,0.3177212617087714,0.03863532117938849
mp-1522,FeS2,0,1.767823646397264,-0.10486487736271449,-0.6693429518364034,-1.0086148725651638,-0.21463785311275116,-0.09897136895790572
mp-12779,CdTe,0,1.0013360042313102,-0.8480655095384058,-0.9794968618892194,-0.12115285656358615,-0.05920356393740508,-0.0819347531342444
mp-559798,NiF2,2,-1.1247137641557583,1.0410798066886193,-0.7316196996495415,-0.6281354654783329,0.9932663267076255,-0.022048110773226146
mp-7991,BN,2,-1.2077942489460805,0.07500345384851638,-0.3556961036920309,-2.280084767126432,0.05778780837748223,-0.47706517706122437
mp-1602,SiS2,1,-0.9797250693522462,-1.0926749022453932,0.514547126206337,-1.5359822835727421,-0.03445073617755445,-0.3963772863705549
mp-22903,RbI,2,-1.1293728432819234,0.5682941116693383,-0.16467701242165847,-0.6400745772542529,0.21888942492004781,0.0035258160948248613
mp-2815,MoS2,0,0.7599532010162217,-1.4514729709493472,-0.8494777098143382,-1.4394962462008025,0.0013317320091403495,-0.4420584627405573
mp-1153,Li2S,2,-1.2688190002583748,0.6525071386685113,0.001595782717082974,-1.490247472471909,-0.651882445946221,-0.13004732423541215
mp-23295,RbCl,2,-1.68950141878022,1.1639235112369155,0.06394518542039584,-0.9581188567375425,0.29288467931919165,0.016520124012687532
mp-1415,CaSe,2,-0.3023263728036335,0.7348036485362031,-0.5914276642886649,-0.42618627267471065,-0.6191096722227653,0.03031198635311043
mp-827,KN3,2,-1.6572994416859035,0.6320266180508778,0.6662638736726095,-0.7455313680130834,-0.052890611104988265,0.05236756781354196
mp-2341,Li3N,2,-0.5592999360174509,0.43179368542895896,0.1478834003674053,-0.7210700959838452,-1.6597414953635434,0.02861145916872397
mp-23268,NaI,2,-1.011125157907141,1.0141158780048656,-0.338499294221033,-0.4724619490165636,-0.029840371718014017,0.07325644389103987
mp-2469,CdS,0,0.3276066404762706,0.0857855364909701,-1.178827865023226,-0.41261781206705356,-0.6414645846580893,-0.02702475525408878
mp-1087,SrS,2,-0.5867415693264083,0.9600167183362736,-0.4396876001329429,-0.34734029389211907,-0.547308668317132,0.07315832158924299
mp-1986,ZnO,0,0.5770420254681987,0.38891706684828836,-1.6091771326715851,-0.008687764808315929,-0.7177695426418128,0.07071108633769903
mp-2667,CsAu,0,0.5897677043018066,0.271917896278814,-1.5379136937099687,0.6401733534417956,-0.05392203007950143,0.16513090022303029
mp-2691,CdSe,0,0.9524751425698733,-0.2638982728576698,-1.4387870267408853,-0.4174357124330695,-0.49040002263428834,-0.08081605196595487
mp-23210,MgCl2,2,-1.9127601012862805,0.9822078662234912,0.24408044868730802,-1.6009416777370797,0.5821317762334929,-0.17649433491657582
mp-13031,MgSe,2,-0.49988127318085757,0.1320861574714248,-0.6840720511859669,-1.2148019837386042,-0.36018287215124234,-0.18963045652321425
mp-22916,NaBr,2,-1.334285271780083,1.2180253761921809,-0.23866038250024085,-0.7340698458220103,0.01281995715482118,0.05597094643808901
mp-1519,CaTe,0,0.09237611342780293,0.41495987933469214,-0.7817265180646338,-0.30494920497370764,-0.5736233481817613,0.01638541504365382
mp-8041,Rb2S,2,-0.7078947762371854,0.04029882522584132,-0.06299403412026157,-0.4125044550299773,-0.7335983660367607,0.061705240704937346
mp-22904,CaCl2,2,-1.9260776640910438,0.7770070921107985,1.0138830597435895,-0.7235583832663722,0.6458989661008699,0.02382136708120966
mp-23714,SrH2,2,-0.9109339562752752,0.5588884564318424,0.5708669517795973,0.19413175603241387,-0.0005432751473973581,0.14147442521107598
mp-23713,CaH2,2,-1.1281459947610233,0.5217293556922409,0.7112785096985843,-0.5073354158652366,-0.5533121245279939,0.04682985959220533
mp-510557,CsN3,2,-1.411978059100824,0.5637004056733264,0.6088841758633243,-0.09468908129641969,0.4769769724801558,0.14096418065876698
mp-841,Li2O2,2,-0.9377136069553955,0.7701921015395299,-0.023373118573168733,-0.4161539541562828,-1.2377119013504772,0.15212231677051682
mp-568619,SiC,0,-0.04713566143384846,-0.3500284811252159,-0.3699204809678878,-0.9852202944226489,-0.503552059873316,-0.17016933540408016
mp-23711,MgH2,2,-1.4635529953901174,0.8016629568221423,0.8066920228341213,-0.81197166411607,-0.5406725900661539,0.019361567102122418
mp-743,RbN3,2,-1.489686636885701,0.5523831040318007,0.5409587434615681,-0.4481617904498515,0.2559906801373888,0.08231162685174287
mp-29145,H3N,2,-1.6324341350093736,-0.4020039502030919,0.5699462199142484,-2.090647903805115,0.044027534556669294,-0.43820960207075016
mp-32780,AuCl,0,0.8371613986683483,-1.7844085774062188,-1.2565245253712969,-0.10412353905758442,1.4310939579891733,-0.37471352183284223
mp-736,Li3P,1,-0.2289570047146098,-0.5151513087992206,0.2566045839772113,-1.0147209093541576,-1.58407629260257,-0.09471079879732827
mp-23715,BaH2,2,-0.6212222185770923,0.16871261930881332,0.5328000080333462,0.5941735039359717,0.31500294378807314,0.1778081757147971
mp-24972,Fe2O3,0,0.1989536298116355,0.9266025973890842,-0.4420041701012058,0.7002202007253508,-0.4394606490029183,0.12137200776033688
mp-23189,BI3,1,-0.3743836524739775,-2.941557635850859,1.2418480858756011,-0.451566478102807,1.2065406858433378,-0.47389846404809777
mp-23214,CaCl2,2,-1.931671976631364,0.7922124799779909,1.0044121401104806,-0.7350853080070298,0.6660743225422914,0.020680806464415315
mp-29443,PI2,1,-0.0987621686388695,-2.1368982717300122,0.31410381211694616,-0.7251009599627134,0.445685353547059,-0.4015651092175134
mp-22909,ZnCl2,2,-1.2541729486868745,0.02985954783693848,0.35745632699385244,-0.8284406408538848,0.429350781096867,-0.1000181470059789
mp-352,HfO2,0,0.49070851773607893,1.656297352604548,-1.5662802390192079,2.0345472478150946,2.3370191778727825,0.2354355487275173
mp-19128,CoO,0,0.4861437528445234,0.06653616653746931,-1.4283822017197954,-0.16153610401040397,-0.6540593031197756,0.019839260233316742
mp-29266,CsS,1,-0.5604313705269703,-0.4385658128847168,0.12030934498031443,-0.10994052085964777,-0.5311679161037398,0.0737584805811367
mp-9252,HgS,0,0.6985545481372705,-0.09248760550728159,-1.0736448867967017,0.8528250196819266,0.7379695604480361,0.12087159520674427
mp-224,WS2,0,1.250771038462322,-1.2938678325605204,-1.7243343078412083,-0.8336030009920459,0.9723551844392179,-0.40851673184297077
mp-7140,SiC,2,-0.20342030809186204,0.15918066115931118,-0.7020192937254724,-1.3564147017956258,-0.4664028307224051,-0.2168634556355946
mp-1821,WSe2,0,1.634898478391649,-1.3295579245945224,-1.996802248191796,-0.3572973557869772,1.4029643776051455,-0.33385948500260393
mp-568018,RbSb2,1,0.8086829553728282,-1.4495957711746306,0.14687988903705365,0.21605712975643304,-0.2975918202402843,-0.009807783925349908
mp-2793,AuSe,0,2.0544410346898703,-1.2641727321606218,-2.3918656157996483,-0.07867121593219521,0.833505419778938,-0.2266980691173865
mp-22917,CuBr,0,0.22071579027383578,0.39768440037926533,-0.931760227592164,0.5036307243371241,-0.5708896004660942,0.19026970882714994
mp-471,CdAs2,0,1.6024907289412647,-0.6186523904559964,-0.5868807430906066,0.03559076489903504,-0.23827960760194045,0.0011297166375570243
mp-9254,Al2Te5,1,0.5041149879484029,-0.5898352146085347,0.5157980274617037,0.7348468374898225,-0.12565398272214978,0.10015189852798421
mp-558071,RbS,2,-0.6808727786964416,-0.40673669237860177,0.11875305630899725,-0.43398454504074224,-0.7691461663818013,0.022545850737105647
mp-602,Te2Mo,0,1.794418841782269,-1.3091556257808912,-1.343897274812434,-0.3693273462084477,0.92565208522008,-0.20265405822419172
mp-556520,CoF2,2,-0.7500371953834367,0.8198002181200111,-0.735793406902501,-0.16091117982398434,0.06894010802707252,0.1265799958472226
mp-8882,GaP,0,0.65651762410712,-0.6628546800264674,-0.8985959739769281,-1.2706405220869965,-0.30389554101387656,-0.28053790528389305
mp-8884,ZnTe,0,0.8534743467632374,-0.6891011448672112,-1.1389158035916382,-0.4289545587443835,0.08341892107868837,-0.150603352262967
mp-22888,CaBr2,2,-1.3797108148085695,0.3973359567275519,0.7329359668735737,-0.18383620575538986,0.770218154331109,0.07128428130074659
mp-1634,MoSe2,0,1.1054132340816114,-1.183627892882001,-1.1281766325889868,-0.7519997371018621,0.6072632226964986,-0.2937686459857267
mp-556911,FeF2,2,-0.9501713629178593,0.9832502981515137,-0.49723090099637385,-0.12388751516776109,-0.028924625785286533,0.17262213368919108
mp-1873,ZnF2,2,-0.8886616502365831,1.2647958615811414,-0.6126881124312848,0.14124436595286263,0.21341123628543124,0.21606693854580625
mp-8880,AlP,0,-0.12179355783260694,-0.5143113534901999,-0.28899732428685143,-1.7121201336458411,-0.6270106340038184,-0.330808780954818
mp-380,ZnSe,0,0.5584324354937088,-0.3798372689189767,-1.139477360774928,-0.41672475771022605,-0.1567721110148401,-0.10587045003724227
mp-28248,CdI2,1,-0.20469342999650966,-0.2867823370876236,0.19055137388417187,0.7803313980462606,0.5338508566833261,0.1692095747747692
mp-8881,AlAs,0,0.3842937068349858,-0.6689981216316144,-0.6767105291337797,-1.3861687118179824,-0.23867091240803262,-0.31009618671369416
mp-1591,Al4C3,2,-0.013004196775559003,0.47234232220955563,-0.08133840002268275,-0.4644080435436864,-1.1059987037668053,-0.012215523917489273
mp-1818,SiF4,2,-2.3253334643687134,0.6267240500237597,0.23211858974438354,-2.6542031056701005,1.8222931239567077,-0.6105994953982656
mp-28266,P2Pd,0,2.1937927547079683,-0.8438064385998385,-0.974660690255084,-1.209946059904,0.05670538009701871,-0.1346202695035418
mp-684,BaS2,1,-0.2228909597886124,-0.2765915149515041,0.10698747757694906,0.1489227343379384,-0.4072836450364153,0.0960395236010939
mp-555934,VF2,2,-0.5721933841542475,0.11181857247751759,-0.7335534674647883,-0.5853963794931824,-0.3559983626394122,-0.024114718523586515
mp-8560,SF6,2,-1.6694279454079803,-0.055716823304258783,-0.00225073645772141,-2.2402965761879625,1.147159200840004,-0.5695754328551359
mp-560588,ZnS,0,-0.08403690067462463,-0.0400598799764627,-0.7722028515108401,-0.7847611438343254,-0.21455775488595635,-0.13071773280263696
mp-566755,NiF2,2,-1.1201414241177572,1.040388689125003,-0.7407140306113406,-0.6314203639325006,1.0055130708636573,-0.024618227573705926
mp-22003,NaN3,2,-1.6099910754576983,0.8413000877109932,0.08971666463243076,-1.292901129474816,-0.3472010704350285,-0.04832377849395871
mp-23267,BeCl2,2,-1.969890082610397,-0.08455719904634483,0.6839688645538164,-2.1553754802442135,1.3210536034251212,-0.512037160017028
mp-927,CuP2,0,1.3972858209552492,-1.6759363178895743,-0.2844988134169896,-1.1831227977667431,0.16749862003476151,-0.2825290285983679
mp-487,MnP4,0,1.5790252662981052,-0.7239243770893379,-0.11780970460309866,-0.8810535579201485,-0.47052170898862716,-0.0933647818845848
mp-29504,ClF,1,-0.8611235321038945,-0.5197966422871736,0.4041075381714659,-0.604768373705019,-0.6689264916305081,-0.025166983122490667
mp-505366,AuBr,0,0.9388334256317413,-1.8267571539694256,-1.147354032655215,0.30130767954227633,1.5138426691707993,-0.27196687921422347
mp-27455,YCl3,2,-1.6466199022308436,-0.4109554784381232,1.3770933650571937,-0.535664131763209,1.0405353339658232,-0.07341654379549184
mp-7446,Rb2S3,1,-0.5054115016041857,-1.2171461238240209,1.20984368846855,0.6157543139392211,-0.38896205408204537,0.1780586339723917
mp-7447,Rb2Se3,1,0.18348383890929681,-1.8445738321295155,0.9672936794546244,0.8065602634176742,-0.07620420897224982,0.10057908786283237
mp-7449,Cs2Se3,1,0.14503798280430197,-2.0209464190318966,1.1974398708791743,1.2223358930605248,0.17473430026830564,0.17142428382513505
mp-7048,Al2O3,2,-1.3298395659253548,1.220153626314991,0.01970404012182977,-0.4085047981924292,0.40520155067939667,0.08498437734450595
mp-7029,SiO2,2,-1.8428250722675923,0.1954617424900127,0.7973761554155151,-1.1864435120126828,0.9683107633040589,-0.17464234939879747
mp-554151,SiO2,2,-1.9164695833373737,0.11397088941632645,0.8973920234043844,-1.2737485633555248,1.0878962721304473,-0.21144045049133064
mp-27397,IrBr3,0,0.7518008432887792,-1.9583662965970081,-0.858143215480081,-0.2425277385554081,1.0479459484063536,-0.36765641633645957
mp-239,BaS3,1,-0.07455684759052889,-0.24918225665869004,0.3468186971466792,0.43818803556299624,-0.4456830154921713,0.1306580749582903
mp-8943,PtF4,0,0.8208038725589237,-1.1670756049932496,-1.6987812240732938,-0.26583126461372936,0.7392541158593404,-0.2908015043377357
mp-2604,MgTe2,1,0.8828944917510533,-1.839811309049276,0.6480995417216484,0.6948306408702772,0.748781025982355,0.007221928750210607
mp-8723,AsF5,2,-1.2402397363786026,-0.7870706884171703,0.32774420167715435,-1.3746305372721315,1.0684263634264801,-0.42418018414671815
mp-28099,SBr,1,-0.7076378088609081,-1.4557982224994739,1.0842815818698035,-0.18778794646801505,0.05524801000038059,-0.07400695497428243
mp-2068,RhF3,0,1.0001608176774281,-1.0674203273580747,-1.4287923733664831,-0.8741879598426769,0.029422869586221284,-0.30572048612932673
mp-8262,K2P3,1,-0.34213010421592344,-1.50241013492095,1.1974593471922228,0.07162564467369913,-0.9034768954218929,0.04951967272069221
mp-1106,Sr2Si,1,1.1944902439728724,-1.393054050474009,2.116630730986387,0.8969625215746633,-0.22493147058870605,0.03335104424261272
mp-568536,BaI2,1,-0.45616811047221323,-0.23871010403231407,1.584305102192502,1.917153076183875,1.0777750371816837,0.25987816432343397
mp-2400,NaS,1,-0.5876088783589096,-0.5180171519659613,0.5414785797024125,-0.29332127723218565,-1.098633602057378,0.06405365928862804
mp-2552,TeO3,0,0.4308465116987254,0.6633073206075837,-1.0280549851333074,0.8719615950776132,-0.2631914038339686,0.20884542442441253
mp-6949,InF3,2,-1.0820377113429402,0.8441461622972175,-0.23449715924708497,0.04780616748072684,0.6337908700187953,0.1669215861032428
mp-8511,PF5,2,-2.024311873611855,-0.18309635672875196,0.621718774409712,-2.1407336008093987,1.9995312601323074,-0.5953566511321993
mp-22896,LaCl3,2,-0.9840068594225841,0.3244569258905258,0.6659687887833777,0.3041560224933878,0.5243487851160288,0.14694567555180907
mp-8289,SnF3,2,-0.9724358141924927,0.5402580845590745,0.3732777925231188,0.4065100840326343,-0.24406037944307926,0.26372172213469475
mp-23263,LaBr3,1,-0.41829372126398445,-0.13799944114578874,0.4221418472590857,0.8081185926639346,0.7532936793834392,0.17730937892934764
mp-570589,SeBr,1,-0.014820896912982766,-1.7477292630046823,0.4352439984182018,-0.09733911964065764,0.1990181259120243,-0.14564963996459768
mp-25469,AlCl3,2,-1.7314372825640818,0.14050939662057663,0.9261428322266535,-1.003248037133254,0.8993639065266171,-0.13301999453479849
mp-558118,BeF2,2,-2.6649300531572466,1.2991094808064967,0.6945755122199747,-1.8948434994664414,1.8293823934320053,-0.26497290891784575
mp-1340,Ga2Se3,1,0.5766732565491571,-1.2692037208322495,0.09278838297733949,0.34445508876040803,0.19501712114125344,-0.004487198861836901
mp-8484,ZnO2,0,-0.13937477741751159,0.5593076263396829,-0.6617930099295074,0.5577935778488627,0.05795601141867446,0.1946095842169307
mp-871,FeSi,3,7.643825118756138,2.162254540555885,1.8904071442910642,-2.191238483272176,0.5151641812765327,0.5764151651448486
mp-559091,SiO2,2,-1.8571116023960788,0.08223022936206964,0.8999277291443206,-1.1725333301315048,0.9379141363803508,-0.17701522779822237
mp-2030,RuS2,0,1.770515118665304,-0.9783162062786238,-0.7110287075537834,-0.19545048900893994,0.41662305771000446,-0.0657738062020249
mp-20066,CO2,2,-1.94282273321701,-0.7057942074998144,0.7974409888107433,-2.5373487691871075,1.697018123600845,-0.7522583847202226
mp-468,AlF3,2,-2.4174299880887546,1.7487309162068567,0.36693881869630723,-1.2557081986787313,1.7012101050594026,-0.06404022895639076
mp-23297,BrF3,2,-0.845354366363483,0.5480375709233738,0.189285441346377,0.2942491096932403,-0.6510148119249378,0.25716347137875994
mp-1771,NO2,1,-0.8405506647707134,-1.437924943581564,0.28945459931655293,-1.6928046974820379,-0.12021694343165663,-0.5114608683211936
mp-19326,MnO2,0,0.6698273432626178,-0.15996937707585154,-0.45418030783275565,-0.1496749367296596,-0.4211457301743309,-0.014848713406765088
mp-556197,FeF3,2,-1.0655214935502955,0.9351606413499908,0.013920049618224042,0.013449579229124476,-0.25056163240301815,0.20554734868246052
mp-1880,SbF3,2,-1.2259048345932897,1.15975085466321,0.11989611295625206,0.16921172409046753,0.7086487500680418,0.18035654652925878
mp-27871,RhBr3,0,0.6572668700362739,-1.9309960414419742,-0.5724027350308234,-0.5092445029564051,0.539805455334861,-0.3555223171148606
mp-19399,Cr2O3,0,0.011795882475029945,0.20487207741463598,-0.7645192234993916,-0.2982561207911217,0.23654697845376854,-0.039529769875531556
mp-23739,SiH4,1,-2.0710683162469206,-1.2640269455121507,1.632841984309196,-2.3487100110712245,1.7189591671443643,-0.7288134431851488
mp-1707,BaN6,2,-1.244297474426332,0.0833948894421287,0.9160756283000234,0.10419966164704712,0.4882682203487404,0.13397096437932632
mp-504769,N2O5,1,-0.2643846034406704,-1.4961545381960026,0.06402257390888666,-0.9321577427030399,-1.071749549453982,-0.24080714049576757
mp-1317,CoSb3,3,7.078448947156286,-0.20647749739179014,2.721139589574226,-0.6017956623534784,1.8615716291964308,0.8412818045519747
mp-28395,B6P,0,-0.07245823944811158,-1.2090044062651866,-0.34068427090079106,-2.0667496072747213,0.04027035466671072,-0.5665614345346415
mp-624,B6As,0,0.09851252789271205,-1.1229213251819592,-0.568749777599678,-1.7436729146607983,0.4410395732493198,-0.5200581490470354
mp-988,Si3N4,2,-1.1193700762410987,0.3477634382120745,0.2732120833314247,-0.7681761400476919,0.5665219352173023,-0.08572911815606171
mp-18759,Mn3O4,0,0.3594657045326358,-0.3021212942569915,-0.342077373141988,0.4696528786484222,-0.5530021899153768,0.13043148702014878
mp-25620,V2O5,2,-0.597321000694417,0.1791326659211945,0.6823444542355032,0.3016109414815624,-0.4447721465376032,0.14079712558744512
mp-23237,BiF3,2,0.09235435236173274,2.1008589011199676,0.4896640928844006,2.201285798936499,1.9297450958787092,-0.3844533749827938
mp-1346,B6O,0,-0.0942654292074732,-1.1018994306010998,-0.5326673362557254,-1.8014798157875287,-0.39717513807252075,-0.48362218441760596
mp-1582,As2O3,1,-0.9995514105709723,-1.0246781108263614,1.394635092774916,0.3326711770408721,1.3448433803094766,0.018223802990017614
mp-28027,AsF3,2,-1.7398400590349419,0.03424423441874999,1.3207355058097916,-0.03734427532797851,1.3628425277455447,0.08233946929767336
mp-306,B2O3,2,-1.9634613968004062,0.5713256261502331,0.6148192192000306,-1.4961331889977096,1.2858654397790712,-0.24407372303681635
mp-730,P2Pt,0,2.5940928312211944,-0.9019462627096041,-1.5269840971569077,0.40578896439084694,1.6335992011531446,0.00486910578913863
mp-23291,PbCl2,1,-0.19873163080676204,0.952440852540245,1.557272363270413,2.0252217207956087,1.2654349051152836,-0.16024881507136637
mp-554089,SiO2,2,-1.8672457531019782,0.21469622965909654,0.7813544242659257,-1.2447448547539735,1.049150312039595,-0.19478408102250233
mp-409,NaS,1,-0.532391843851418,-1.169743355444751,1.0895393613665219,0.19599738660576094,-0.964401713447369,0.12674208242293972
mp-7440,NaP,1,-0.06482353521108641,-1.4891070335818488,1.746517108180465,0.3374517678959859,-0.6306255757168804,0.06054429895508823
mp-7457,SnF2,2,-0.7689194977835709,0.7194798401295082,0.70377718852031,1.1145858912950168,0.4516863862550226,0.24297196590245837
mp-2858,ZrO2,2,-0.2870493298907981,1.3596334453632057,-0.055267121829599364,0.8764586036733555,0.6740769355663373,0.07329834099184261
mp-2632,TlF3,0,0.6693808757960906,0.45859279716525264,-0.8020864701692413,2.384038600394245,0.67643361974858,0.40342254289787494
mp-27488,Ta3N5,0,2.2276094925096546,1.359648359797998,-0.6360950187922841,2.8228549925456945,1.1870717708969873,-0.2639397720290283
mp-570553,FeP4,1,1.5001820824659675,-1.6337336848495652,0.7725658608464291,-0.4187496485741441,0.23641410774926677,-0.07214053009766903
mp-555235,SiO2,2,-1.8679576818160306,0.12708814288352072,0.8816621598410823,-1.178442577943327,0.9618735796651998,-0.17548231845089707
mp-13682,PdS2,1,1.0541109864695153,-2.2192069100554885,-0.03889831506496607,-0.6004949610403595,0.19903060017623478,-0.28930532763853095
mp-9062,RbS,1,-0.6275851931907077,-1.8780566600794881,1.900153755814865,1.017337281089715,0.0792350547334495,0.20797031258596818
mp-1345,CaP,1,0.22171088472926145,-1.5556634155212867,1.0481634012798888,0.0337628188210321,-0.8357729575645628,0.004761455002056968
mp-22908,BiCl3,1,0.18098518262986124,0.5406166313930394,3.5898277100824076,2.7499887477676834,1.0512262368164738,-0.9176281121134194
mp-23312,MoBr3,1,0.4014276905862079,-3.9066356344953976,1.8454808285524111,1.0221019759693173,0.9701925551772669,-0.15161757662458258
mp-9063,RbSe,1,-0.22775012073044107,-2.4736698901704326,1.9407512701821685,1.4392472894289863,0.2375638832512427,0.21998285161960532
mp-23280,AsCl3,1,-1.2188932021831862,-3.048601430559764,2.996081119271351,0.29057528647125336,1.7721925319283927,-0.21145304648785607
mp-1943,GaSe,1,0.39933755019425476,-1.3767911756144202,-0.2097314428717396,-0.20592061195647257,0.1431710735975214,-0.14902594094456129
mp-7456,SnF2,2,-0.7704276523720693,0.7031152400932893,0.6848021225823219,1.0964030615767801,0.4649833131831585,0.2454477852905535
mp-29422,HfCl4,1,-1.1465449563125594,-1.0302507270150751,1.2166260480122968,-0.09515249518889944,1.2251154513692157,-0.07673292823071177
mp-9984,SnS2,0,-0.0427208078975207,-0.11412526269631124,-0.055365674915366064,0.06308920554428864,-0.45698743993540847,0.06782652400410821
mp-9816,GeF4,2,-1.6415606018780924,0.4223774107926492,-0.1279621929215368,-1.7218366076854363,0.9536039348487546,-0.33888851349782156
mp-1224,HgO,0,1.4288392989236167,-0.13959656304122636,-2.317057947024972,1.613935133584932,1.4113206701071257,0.20159478978829404
mp-558836,MoF6,2,-1.245575906592328,-0.46451376965508795,0.057472239140022564,-1.6088553247325967,0.572939047920745,-0.40733939044381556
mp-9920,TiS3,0,0.5700948191276257,-0.9646209824819317,0.03593030182496817,-0.6072487266925733,-1.0485935833839222,-0.09091783658742719
mp-557308,ZnS,1,-0.05729999495320825,-1.908008093526025,1.3132170183910636,0.6836538048364615,0.8159786271243424,0.015303091928069801
mp-9064,RbTe,1,0.11685419731456517,-3.384774727277079,2.3837962205446,1.7910748644701127,0.534175817039233,0.18304995030580157
mp-561664,TeF4,1,-1.2225981402858512,0.1031919644807677,1.5462642067970804,1.2615901950871926,1.0093048871804402,0.31628208819739234
mp-1922,RuSe2,0,2.502162247870804,-0.9167096536387146,-0.9325245757322509,0.6515463237513133,0.9432267981738582,0.07514118603177686
mp-23230,PCl3,1,-1.2608303085946437,-3.3863666816410314,3.1169200812096505,-0.08606007298520094,1.7502835526271419,-0.35908475364917114
mp-9889,GaS,0,-0.14568465330010472,-0.4373914129668931,-0.5834582230489896,-1.000798253896182,-0.38143394602971586,-0.20308647417495654
mp-2418,PdSe2,0,1.6311933073539913,-2.218020258719914,-0.28003081892996834,0.021790157321278474,0.8022656443632646,-0.16751360413674762
mp-27529,PI3,1,-0.20425073023491921,-2.7535652294292676,1.134988346091388,-0.20905192470566225,1.0037974663896734,-0.3560954840073184
mp-7441,KP,1,-0.2581354718715599,-2.3135426644900567,2.3418214448533003,0.7310761437454957,-0.16981289264686047,0.09052584464958385
mp-7595,GeF2,2,-1.141417420604383,1.4158510876929027,1.301666066051007,0.8817813905880806,0.2924214471472642,0.0026563430630364405
mp-1554,KTe,1,0.1411085985998297,-3.1378037044134612,2.1074221668701023,1.3530664079414525,0.10589965347797838,0.1264266440518483
mp-9854,YP5,1,1.0695521067650264,-1.960631921194486,0.30348460157675977,-0.7427798607224462,-0.45964036792514584,-0.19900657694554044
mp-10281,ZnS,0,-0.07572918307989264,-0.5031420470704528,-0.25064393560277787,-0.40744863357659117,0.03385080752177192,-0.09082928767614443
mp-588,GaF3,2,-1.3400105772524822,1.2690777085449156,-0.2286507479582507,-0.182734135558645,0.7498606496147878,0.14661803985497393
mp-10694,ScF3,2,-2.165094452795562,1.9443143634128945,0.41040251872572525,-0.8722807882254576,0.6134759207618868,0.0772312983942635
mp-30034,MgBr2,2,-1.2609109399340748,0.7065257840066523,-0.18931483825348394,-0.9504079095488197,0.5244760709473921,-0.08417427558480992
mp-571035,OsCl4,0,0.3971477957153572,-1.3652858734884785,-0.9023517001435096,-0.7163136066941029,-0.541078685146992,-0.2727247140938969
mp-541582,ReSe2,0,1.9242224691263623,-1.9901319203910448,-1.284949071661025,0.46635155591222277,1.8328390555818526,-0.19222446538702795
mp-1253,BaSe,2,-0.08404235628082583,0.8830983021990477,-0.7155109156479158,0.24778057411714235,-0.35054437756974566,0.13010100872295113
mp-1394,Rb2O,2,-0.3769428179740946,1.006571200971445,-0.312949792974243,0.5205148318784013,-1.100664767665791,0.24506497902958416
mp-570886,BeI2,1,-0.7712268055050904,-1.146105335081349,0.29130216880123233,-0.970363135873006,1.2641662750877543,-0.3887394177736164
mp-571166,CaBr2,2,-1.3703867548461668,0.3783157647472075,0.7523018792863065,-0.15601616521722586,0.7250409954514234,0.0796270677553653
mp-1039,MgTe,0,-0.22697723453808816,-0.48112227129882074,-0.33881398616391406,-0.8085882487762378,0.04007581364447008,-0.18340361791281487
mp-2758,SrSe,2,-0.23806585954714332,0.7735192226530881,-0.7462916197461009,-0.15428236197472137,-0.3156723726593826,0.07112117641828435
mp-2507,GaS,1,-0.13293360662157366,-1.0410217373196127,0.03405727552900271,-0.5956019654733242,-0.02953788593078064,-0.17648680828290197
mp-720,TlF,0,0.09646448874054032,1.2969807354002754,-0.4284997043071981,1.991114933827746,1.281572032066243,0.21832282414357243
mp-568656,SiC,1,-0.11450128428750467,-0.9000898995270153,0.3337797147279921,-0.5714219078876788,-0.03989218637016234,-0.13880884657050527
mp-562100,NbS3,1,0.8739485032335254,-2.60893555812272,0.46031740225777135,-0.2966424414085107,0.12585126590763815,-0.2549959202102573
mp-9947,SiC,0,-0.04341236005567596,-0.5811087537097133,-0.0828238393627319,-0.845465328582555,-0.31029843044105526,-0.16446421713413764
mp-29172,SeF4,1,-1.4698650420065125,-0.3480685443332985,1.6954841269588667,0.6444485377889336,0.8887916030573384,0.23560960088494307
mp-9946,ZnS,1,-0.07376997645228425,-0.9667791209339639,0.27074751190799745,-0.037819362803262487,0.29234159561928413,-0.05338111704432951
mp-539,Ga2S3,1,-0.1601508992552454,-0.7795943361805368,0.4081914028126611,-0.02429363199155352,-0.16748518374914437,0.004429591473824753
mp-7667,K2S3,1,-0.6273560137894791,-1.077184540883734,1.2099154694078869,0.1976915452492555,-0.7404796422193748,0.1208229213404963
mp-2517,Ca2Si,1,0.8300853453431903,-1.1542729934914584,1.9623939051939594,0.2315322611363769,-0.862731629672597,-0.01353586541835312
mp-566285,FeF3,1,-1.1562599427972762,-0.43376640581858783,1.2640395535243991,0.513414248230043,-0.06922811818953405,0.25554557786759013
mp-22872,SbCl3,1,-1.3404064823948778,-1.8815870452720482,3.2462040786173576,1.5268437222258706,1.397300621585493,0.27936741653794656
mp-2160,Sb2Se3,1,1.9846373472070153,-0.901718119302398,3.6365610586824086,3.1836370865668475,0.8754312678225157,-0.5163267972887673
mp-22855,HgCl2,1,-0.43923413653388316,-1.6106677788631232,1.0206950256301535,0.819769138010732,1.2921735325097734,0.048486642773723304
mp-2184,As2O3,1,-0.9345398269756494,-1.8642904836012588,1.4503126212197157,-0.12941006284971462,1.56255410157122,-0.22584507583673652
mp-7623,MgAs4,1,1.1392166786479019,-2.826644402930115,1.6625498714637459,0.751555717054019,0.912409305919095,-0.008093058816338119
mp-22889,ZnCl2,1,-1.2792414874297693,-0.9739388139969206,1.5015011489857382,-0.05968624146798565,0.9639899540467712,-0.021962801623649417
mp-30106,AsCl5,1,-0.4436247835731085,-2.9673939831679066,1.6289445825730469,-0.18920438254033534,0.15459948128007145,-0.28078051764518125
mp-561258,ZnS,1,-0.06811543271192533,-1.902739875465663,1.3115095795532195,0.6884815027166975,0.8179267753946835,0.01697602951840001
mp-17173,Rh2S3,0,2.64321613797022,-2.0099770604089615,0.2553784648445426,0.020544179431304144,0.9204973490029105,0.04276976994185601
mp-568233,CdI2,1,-0.17645003056366895,-0.24711941662597267,0.15028103896505962,0.7909812880329304,0.545078664643167,0.16912692886922334
mp-713,KAs,1,0.19023025058340168,-2.7880863007144514,2.435117727612594,1.1965560462604987,0.2099372252685888,0.1175838032579332
mp-13456,ZnS,1,-0.07059332233320584,-0.7333645640177258,0.011529533642367164,-0.22141584444564666,0.16072056672253773,-0.07156577619681935
mp-23184,BCl3,1,-1.3989454907898369,-1.7000246002385186,1.1236304897894647,-1.9003338571811768,1.0896874334962363,-0.6645522506302977
mp-19795,InS,0,0.5040079038526026,-0.550870541944497,-0.06459083803820337,0.25266828644886097,0.05286506864659598,0.025164763819308277
mp-7709,ZnF2,2,-0.8999298791837587,0.9116527872153413,-0.1572723954430969,0.4975158603296516,0.49508721198926975,0.2534223359062654
mp-1958,SrTe,0,0.05174388235003294,0.5003839305720928,-0.8279604115594401,-0.0541906648552277,-0.341301492704004,0.06222424411858928
mp-1541,BeSe,0,-0.056876789376954055,-0.05517872589630931,-1.24575011137476,-1.4467103486841508,0.13138305143170162,-0.33673098417283603
mp-252,BeTe,0,0.5040894028334948,-0.4784692290440447,-1.5738616893503525,-1.350000150769345,0.24786916229591238,-0.3843714008993793
mp-7826,HgO,0,1.3732087614585293,0.20356526660161622,-2.4964424204738624,1.522089316984424,1.312220817905214,0.21197941223022113
mp-2076,ZrSe2,0,1.6748952742605632,1.9073604537199818,0.2940704131114855,1.031865104432139,-1.1984959429495121,-0.6708772828636291
mp-11327,Rb2Se,2,-0.576931087342598,-0.07519731171488725,-0.09408918925913129,-0.25458824421043613,-0.6570147767281176,0.07466332938421186
mp-7808,BaP3,1,0.6207959814982661,-0.8358812352211702,0.1700885285235962,-0.036122643248887434,-0.5788954106343382,-0.0050290501197544635
mp-30139,BeBr2,2,-1.3497311579213505,-0.6413790938066807,0.43885491997591924,-1.5141091015871768,1.3338988904088893,-0.4507355625963505
mp-30373,RbAu,0,0.7885928582626323,0.01927573867589182,-1.6669080692949116,0.5114746532574472,-0.3847599845921478,0.13322110184232475
mp-557835,TlF,0,1.0853508043054063,2.91408504800677,-0.3790289991400168,2.083438202232788,0.7891653316567985,-0.8660901585276108
mp-11714,SiC,0,-0.170998504645645,-0.12310659142010753,-0.45012522998169424,-1.1750720983467922,-0.3561795948193843,-0.2027720427105059
mp-550172,SnO2,0,0.5926707887563564,0.6423340049471656,-1.4920352023416188,0.9992773792280529,-0.271328047227581,0.2585520645864584
mp-27630,CrCl3,1,-0.25054371945130527,-1.3745611220370717,0.12761098977694296,-0.8152570342807258,-0.45261341156437807,-0.2388405980646493
mp-223,GeO2,2,-0.7755282010178516,0.3187060121129865,-0.2907316040964575,-0.2753663017438801,0.29498568024194183,0.037267389649989775
mp-28483,WBr6,1,0.31993895649055426,-1.3170497791095344,-0.03348108415967918,0.1988156919250917,0.05768666218381467,-0.03434395003001461
mp-27987,BrF5,1,-0.9702290254629541,-0.7792317745676796,0.28093586412725874,-0.892228863338091,0.4707418777871857,-0.24019388744585685
mp-571518,WCl6,1,-0.37320980052758673,-1.2445442661039077,0.18321042508539107,-0.6025883224112046,-0.07814843267044523,-0.19536490831375278
mp-7812,GeO2,2,-0.8671600147278833,-0.11203311535835585,0.17652430651811837,-0.17552345413139356,0.41009248178356855,0.028898085674086662
mp-7955,Li3Sb,0,0.3521240210359718,-0.8968869769001656,-0.03217701870176156,-0.5684773540802298,-0.9676972250874744,-0.08761521469048102
mp-402,CdP2,1,0.5487545956824648,-1.807458221013265,0.4106842748911529,-0.3554324335689403,0.44380987362568675,-0.20117873601487749
mp-19395,MnO2,0,0.4121324616364099,-0.41358874364783843,-0.2926850731843804,-0.2878715370592102,-0.47061708725270285,-0.038160380550467374
mp-757,Li3As,0,0.09325714986953726,-0.5989756426674088,-0.001975625268448396,-0.7405373707343761,-1.2179563296552054,-0.08068431359837243
mp-554278,TiO2,2,-0.1972471526936333,1.6084108066384355,0.8750938751739532,0.684326916518167,-0.4184843814402431,-0.268486188919082
mp-555763,ZnS,0,-0.10970984476855349,-0.19380364484000584,-0.4837732869244136,-0.5169008866597892,-0.12289622233047039,-0.08148427580540177
mp-14018,K3As,1,0.7100771696329392,-1.71526441466874,1.4420535306179856,-0.2669899052377505,-0.8853344607903054,-0.043338296757706056
mp-23225,BBr3,1,-0.9020054336340125,-2.3085929762407775,1.1499743603591421,-1.1669160966956045,1.2585520484726487,-0.5801702324173793
mp-2008,FeAs2,0,3.326032297517669,0.7691750300967412,-0.7369409168657429,0.10357567147470421,0.2675957914747706,-0.002705104760485669
mp-2150,BaTe2,0,0.9976006239044481,-1.2364788816158985,-0.31304455928485425,0.5540624492990617,0.02795326565145922,0.038545101136666884
mp-2074,Li3Sb,0,0.4600993829224003,0.5283191585147653,-0.23104926980190094,-0.3089263905460875,-1.2769726715068859,-0.022068206280443665
mp-22691,InSe,0,0.7587469225669481,-0.9082610000365079,-1.0211242283620632,-0.3152803426484324,-0.31787595459409,-0.12196145376482989
mp-31040,NbCl4,1,-0.40051259709157844,-1.4730938808725897,0.9782257265415376,0.2455946161275773,-0.5090600032780567,0.06631093389055287
mp-2079,Rb2P3,1,-0.21767110535378162,-1.6440345044578404,1.1802749222045374,0.460834564079184,-0.5414500928036622,0.0964725615881551
mp-7956,Na3Sb,1,0.49844197419761926,-1.1318261533897094,0.7884329821815201,-0.2256633522068756,-0.8818956204259378,-0.028348872100122352
mp-570219,InBr3,1,-0.4645213451932782,-0.775421944047282,0.5648465087789268,0.5201858797677913,0.520768286859326,0.10883824162996149
mp-557539,MoF3,2,-0.8553215255416996,0.17315771886388803,-0.3956783299432368,-0.5312001923570427,0.5034274485785917,-0.05393858316940007
mp-567504,CrCl3,1,-0.3365716683665341,-1.4587883312264327,0.26919027876211127,-0.8296987958083607,-0.4100275629223425,-0.2502368381867474
mp-13868,PdF4,0,0.6169013045830325,-1.4302226434454173,-1.0732154910463683,-0.8386262024508541,-0.2210277741825597,-0.3407074186741986
mp-365,MgB4,1,0.4998503301757304,-0.20245120200271746,0.7637097492279186,-0.08760097306509758,-1.3237589928456923,-0.016303177928491053
mp-567505,SiC,1,-0.05337697138291718,-0.7130418874906282,0.03870612727537677,-0.7153053971100514,-0.28243011447891986,-0.1463901581575437
mp-13852,Ge3N4,0,0.058575408139476204,-0.17616561476447534,-0.39138510280700844,0.429062726733019,0.21704182106593986,0.1026759214596157
mp-30275,BaP8,1,0.6032081627684274,-2.5424868024913936,1.5169103386357543,0.07610915713921759,0.2557798137834639,-0.10822893110963676
mp-554573,SiO2,2,-1.8859156119763614,0.15904699832321786,0.859480956710221,-1.220463428931978,1.0236148976081136,-0.18857848332323432
mp-7931,SrP,1,0.33204023120576887,-1.699924196938164,1.0842966271281573,0.6646143889780398,-0.32928857005349593,0.08932592640147306
mp-9922,HfS3,0,0.5123586517015498,-0.8571591250686531,-0.6295232358287526,0.04923519676819065,0.07402817739370089,-0.04732136604348512
mp-304,Ca2Ge,1,1.0850554354071267,-1.1880244198034509,1.742590493704473,0.4314482675726884,-0.5342170432508003,0.010030864472200219
mp-685146,CdTe,0,1.0020653284306638,-0.8380927152530157,-0.9817993536832733,-0.11229851535679711,-0.05929401360876661,-0.0792778979295663
mp-23870,NaH,2,-1.6454426541416503,1.5197401973190203,0.28576311030954815,-1.053606102969241,-0.8911092558655038,0.05327445689725288
mp-32669,Ag2S,0,1.035022430572358,-0.6333263602038773,-1.3805148316408036,-0.11308283886568449,0.530525124654878,-0.11779037663561835
mp-558852,FeF3,2,-1.0685401738020386,0.4885699695509643,0.528542634610511,0.3240378382202264,-0.24778569009931078,0.2498608028742737
mp-862868,PbBr2,2,-0.1774074887030029,0.7053370093021166,0.5994263562018921,1.4252578438537737,0.38097430222739254,0.140465044082503
mp-753746,Rb2O,0,-0.10545657792048528,-0.042021468052880005,-0.4437262125797862,-0.08013594326755301,-1.375387555789566,0.13047023676789787
mp-20027,FeP2,0,2.109004333244738,0.511905808969584,-0.4246125518942226,-0.4621394472957612,-0.5273258954831992,-0.06861985414979133
mp-556585,MnF2,2,-0.9230087823642753,0.5447229150631683,0.16579992981963243,0.4325149175431251,-0.11058950943735035,0.2732872806699203
mp-867785,RbF2,1,-0.5295818876847883,-0.6742619658574305,-0.17590813243043962,-0.48837308970022847,-0.8040381429506194,-0.03426226776275891
mp-24084,KH,2,-1.5912700109068494,1.2314809656913945,0.27384158998293406,-0.9655389957419339,-0.9326079823858334,0.08557651771289064
mp-7897,K3P,1,0.10487093335725932,-1.368358050282447,1.3998120756851677,0.007120240428350325,-1.2081555586869637,0.0314330402408294
mp-714882,MnO,2,0.038046653602187515,1.3974909291482986,-0.8739463815353895,0.6089030486326696,-0.5763331922964086,0.15370833456080335
mp-632326,HCl,2,-1.9510713640075223,0.1672537467886651,0.33938120919680964,-2.4308533432885753,0.7386803046968382,-0.517217350455377
mp-2672,K2O2,2,-1.059054695348269,0.10596993971709821,0.45374063534407133,-0.21635276711571916,-0.6915255221413418,0.14955383139051912
mp-754815,YBr3,1,-1.0469581972361026,-0.7965327042534639,1.0818138352640942,0.06719087036087248,1.1208245944441027,-0.009563438124003024
mp-634859,CaO2,2,-0.8681245315511172,1.884338402068085,-0.022872041034136172,0.09360228017281123,-0.9109945214434834,0.06742959485519344
mp-554405,ZnS,1,-0.07927524611634414,-0.7348715664043546,0.009823528875268188,-0.23307071920628544,0.17697926924134097,-0.07543472232055325
mp-23710,MgH2,2,-1.4953332513617066,1.100555816273432,0.41205268470671175,-1.142948594124416,-0.6885325504697984,-0.01659368480299489
mp-24721,RbH,2,-1.1783661177201785,1.1620176429376214,-0.09060311634662142,-0.45050784272406774,-0.7700078968146887,0.15407169462276454
mp-22142,SiSe2,1,-0.4564746494319079,-1.5725709775191339,0.38931905765731106,-0.9180906761958909,0.055479337121817254,-0.3245457318140651
mp-14017,K3Sb,1,0.13141667076344277,-1.8001261215854603,1.5688761269797686,0.3562283434710493,-0.7117876445106476,0.05434761907922881
mp-684969,Sc2S3,1,0.09326573488726099,0.09927941843023402,0.9901071153500903,0.560654784141267,-1.014640691889273,0.0432920605291462
mp-27639,IBr,1,-0.28199809907658335,-0.4321969448459164,0.281352253827843,0.22793438466490512,-0.5245277025782494,0.12129846309984207
mp-556742,GaS,1,-0.1642511510217109,-1.012642774341148,0.03859491958272053,-0.625568298136424,0.03342212224333615,-0.1848225778628526
mp-38970,Ga2Te3,1,1.1527802427038691,-1.8620076267485979,0.40310063322205136,0.5473798363980572,0.5107796964519524,-0.007779240050144861
mp-570081,CuI,0,0.4333067570956772,-0.38003252218302175,-1.2643765386193124,-0.16669820499673788,0.2723015550087005,-0.08765908245419188
mp-27729,ICl3,1,-0.5438032197618183,-1.725076831396331,1.0061187394481865,-0.1625353129064606,-0.07360170912533634,-0.09961224487026375
mp-27770,RhCl3,1,0.14725727444201564,-1.7365489617071437,-0.29549893300561186,-1.0431935656993845,0.0563595943147284,-0.4176104196149919
mp-715434,NiO,0,0.21468134475630465,1.3409205970862188,-1.5106887122310546,0.6326619001148094,0.27425783413447696,0.17188836113691552
mp-11342,GaSe,0,0.4084788199033647,-0.7277643936012029,-0.9303413365596305,-0.6995117792386331,-0.23210331206623883,-0.19448895927814622
mp-23933,AlH3,2,-1.0110533800869725,0.7422145642458925,0.3103096459361691,-0.8270163042970845,-1.338442316227916,0.03636747344630152
mp-568690,CdBr2,2,-0.5077826190185936,0.5160720056599597,-0.647469709838413,-0.14493484570713058,0.1862111412538409,0.06563021051241438
mp-32616,Ga2S3,1,-0.13774317137170067,-0.8357692000771756,0.35215905459300034,-0.14561000366132884,-0.07264544140099656,-0.03570891851861299
mp-11718,RbF,2,-1.7630766210230135,1.912928116901213,-0.20950464989437007,-0.5611537701637117,0.6925560609031345,0.13257395778599793
mp-558134,TlF,0,0.6228689703366775,1.9185317903500316,-0.14609215060783534,2.3555262060153876,1.1535915611449288,-0.25933527029235354
mp-715460,CoO,0,0.6117153877236029,-0.02422426921706075,-1.4592993840373287,-0.23364388306690503,-0.6599994877867817,-0.008907478035652314
mp-568722,CdBr2,2,-0.4856352607639911,-0.02203447449920312,-0.04454153404358318,0.31892297661653596,0.5066319867989821,0.1133895475458658
mp-555410,ZnS,0,-0.07015212262386018,-0.503578378818494,-0.2605989300216623,-0.4157940752469042,0.04459859792299456,-0.09403692587629711
mp-27725,AuI,1,0.7385674646922182,-2.190865684236985,-0.5785444563773083,0.3149372809867735,1.780594028169091,-0.3103054656288419
mp-545820,SnO,0,0.7444269778977554,0.09238221902626881,-0.6768796841494101,1.005608838309521,-0.33653869255025914,0.1885390985010947
mp-27666,IrCl3,0,0.35351656407792054,-1.681034547221879,-0.738531981444191,-0.7268882763967852,0.7097991667892704,-0.4218084887846643
mp-27678,Y2Cl3,1,0.2260287314076758,-1.5288959243541531,0.514968503045552,0.09384406211853835,-0.33454726421666636,-0.027630007197705867
mp-7868,PtO2,0,1.5486946481673525,-0.3852981322015257,-2.7090492514640583,0.36424821895706405,1.4303243177002947,-0.12137325124277319
mp-15668,NaSe,1,0.19560042668254993,-1.061497219324798,0.18095137888639615,-0.04716555243106657,-0.8025678880085283,0.007201822035474218
mp-11674,Al2Se3,1,-0.0714315939706563,-1.130493577517106,0.46044236052925036,0.00562395486211026,0.14492914410675337,-0.041999959317786634
mp-23222,Li3Bi,0,1.2867359714301552,0.49489882118335193,-0.6565356282661727,0.054504034614712676,-0.810637296141175,-0.015765112141253528
mp-7904,CdP4,1,0.8139385267563765,-0.34524065892117695,0.5965787961897056,0.22246274172964003,-0.6410712775140944,0.004343100944400696
mp-11713,SiC,0,-0.0916317446452819,-0.30994394974317185,-0.345463553878445,-1.0350506830537793,-0.40852771506718427,-0.1827665004521027
mp-15556,Rb2As3,1,0.21205964421536225,-2.0462457952995465,1.103818338873305,0.8101746239528884,-0.2190796668059858,0.09697752708461556
mp-15951,BeF2,2,-2.6855753743206274,1.3980154518592838,0.6236941217373401,-1.9373250694276847,1.9609864869720568,-0.27856535247831715
mp-15622,HfSe3,0,1.3949811866708541,-1.2020228044816892,-0.996725061128463,0.5506505942268832,0.39659695206413886,-0.002283171951874563
mp-7548,BaSe3,0,0.6395273051502648,-0.5593355300143793,0.025059745607436578,0.8668696096932794,0.02676770648899775,0.1303689979762973
mp-559550,SiO2,1,-1.9356912756350166,-0.7548426388359769,1.8002157157901724,-0.7582331293302829,1.4128532914567546,-0.17521992826522115
mp-1581,As2O3,1,-0.954215435760257,-1.145178467170741,1.5246779259492549,0.5100337213204321,1.1314104333261195,0.06971269727510487
mp-502,As4S5,1,-0.28140624603863634,-3.4491568460110087,2.3611215576532514,0.5042691682745367,1.084970943310983,-0.19138104322238425
mp-15661,Sc4C3,0,2.8217185411770354,1.3319641094858354,1.8652158912021806,0.30553012920281303,-0.9141741801284583,-0.7171613643679423
mp-15649,As2Ir,0,3.080088795663473,-0.535527467079437,-1.586797152355803,1.3289731238104485,1.9771500696439466,0.15087370224239663
mp-567907,P3N5,2,-1.0792075595437967,-0.04088815897539894,0.7089265230993683,-0.42844431325093435,0.23464271903446227,-0.0055163142336807375
mp-14289,Ba3P4,1,0.6564068356453204,-1.7664447849765492,1.6912990167525228,1.4528164866345206,0.10524634838015605,0.1720241631954334
mp-16031,Sn3N4,0,1.4128275905452508,-0.37426374434206966,-0.9378656467856058,1.2704543078477584,0.21364985562665542,0.17267624556319738
mp-1247,Sb2Ir,0,3.473221394261088,-0.71376041386137,-1.0910804777134693,1.65819798054421,2.053043735807624,0.21128278245050833
mp-558380,Cr2F5,1,-0.49741800905773925,-0.38807525621483724,0.13308757875585833,0.2856544571409983,-0.5500680643021322,0.17950915128412287
mp-23290,PtCl2,1,0.4225087605548066,-3.665689234471998,1.093292272547342,0.6449424398824869,1.8309485214425605,-0.3566315885863196
mp-556767,ClF3,1,-0.9269368148810512,-1.2535357806290743,0.8977063516144836,-0.4546812010860373,0.04842648944654646,-0.11760798239232441
mp-557266,HgO2,0,1.326123035196021,-0.6328964600043768,-1.4716579855836858,1.4656284747129746,0.5622861726941618,0.2066102983904022
mp-542846,AsS,1,-0.15997707450858864,-3.363143811840291,1.8043857917558594,-0.009205553389419065,1.0467376261192014,-0.34707421113417986
mp-7944,NaSb,1,1.0479387589861098,-2.6540647206760406,1.9961189736275664,0.8940134212047852,0.5734689382096453,0.05135655037556292
mp-27988,IF7,1,-0.23885968555082604,-1.8967378915542619,0.1989788374021718,-0.41232380202539426,0.020728614708918083,-0.26211468571852203
mp-569152,SnCl2,1,0.005567052257422603,1.1557017469246316,2.6892073881424907,1.8900613532688622,0.26842717252599685,-0.7975878703877227
mp-33024,H2S,2,-1.7601126981376987,0.0002923164076950923,1.2576333984320331,-0.8811989501291598,-0.06347167308923032,-0.020971565482555063
mp-561397,SO3,2,-1.8989109418124859,0.23060216694219837,1.3906724989457624,-0.3804987509313295,0.8166054612762682,0.06707771571994268
mp-2340,Na2O2,2,-0.8502909594925463,-0.00498380741209856,0.28244161173196913,-0.060657204904136064,-0.9095889769163877,0.1828198363145179
mp-568971,Ag2Se,0,1.4195364928383778,-1.2960935432273712,-0.5167278331195335,0.8923441820843615,1.0416860854220285,0.03756144845269337
mp-19372,WO2,0,1.305387411276911,0.09574843551002404,-2.092094927189615,1.766260389457098,1.2740085476270608,0.2635745639771695
mp-754658,TeO3,0,0.1531078342807096,-0.3610932322797518,-0.2354966612708933,1.0214130351335065,0.04611033931758632,0.23740300902970057
mp-31050,Cl2O7,1,-1.2156935358729013,-1.3477505662572615,1.1989157447610115,-0.771917780445497,0.6224266766874107,-0.24637957199495805
mp-401,Sc2S3,1,0.14824722310462743,-1.2885232179297181,2.311057020635211,1.5373602665387704,-0.4269853604243049,0.1647660129637071
mp-2310,CdO2,0,0.3384835086652301,0.019107947990821893,-0.8489263454887925,0.95484848794331,0.08715245575020449,0.22759815093599092
mp-226,FeS2,0,1.9236421091333016,-0.5715433239371962,-0.24248391277183337,-0.49973310321305986,-0.11845399253435385,-0.03534240468683323
mp-864746,MoBr3,1,0.4250168766947942,-3.817825334822539,1.7360268076902694,0.9905269758765546,0.9614921054699067,-0.15222780791886495
mp-8713,K2MnS2,1,-0.49439685470939737,-0.9215340475675476,1.1022780509522365,0.47148708986798127,-0.863913151166585,0.1910752888704591
mp-5347,KAlF4,2,-2.359173049116647,2.31294313267354,0.6477861752014789,-0.5963509583735905,0.9820217584147001,0.10393932958396163
mp-568598,Cu2HgI4,0,1.0856522864265274,-1.441893579336323,-0.4615078614346283,0.5061840283841427,0.1642343902215703,-0.0019087710496711002
mp-8719,K2MnTe2,1,-0.05281621909598632,-1.7540799060737118,1.2637333758428964,0.9357832640150334,-0.12464491543395873,0.15803209645830388
mp-7604,Mg3NF3,2,-1.2499868433773484,1.221031856471274,-0.024515915338118616,-0.32535866099718397,-0.244899563068224,0.14998169370000194
mp-23940,NaHO,2,-1.3262505091409056,0.8295287648704732,0.08463516616251501,-0.7064516829330728,-0.9286869809312548,0.12342355674610758
mp-5048,LiGaTe2,1,0.37053519700966,-1.2977963841367173,0.037745128215964305,-0.09740488524813477,0.3713109032994969,-0.11666364807042043
mp-9146,CdHgO2,0,1.3376202098588807,-0.06412669190752422,-2.4142967067777943,0.8519036101015499,0.3148820103413808,0.11756321655461995
mp-8281,Ba(CdAs)2,3,7.906364560509397,1.6475702682523674,2.3877346007621156,-2.4565399380147275,0.7146883654403005,0.8791259507248895
mp-7090,NaMgSb,0,0.30878225564336237,-0.24390793061240082,0.25888319471972276,-0.12790158102802335,-0.7276348629833396,0.002390747344837779
mp-5795,CaMg2N2,2,-0.47085805620986376,1.1026170150148986,0.03321603016377862,-0.20962812315305096,-1.0397369655662396,0.03771827266568182
mp-8658,CsNaSe,1,-0.4634013622388014,-0.17096214316101108,0.3444545440003812,0.3951023487006506,-0.17125885507648844,0.16192729059043154
mp-7909,Al2CdTe4,1,0.48333359467202314,-1.2575404811682611,-0.1173477234298743,-0.12879666629641265,0.4680997584877331,-0.13114639324178867
mp-23486,RbNiCl3,1,-0.3298520110010775,-0.5195334781614497,0.7551343922309549,0.9717984880028984,-0.8747688375840802,0.3110061622277498
mp-15703,BeCN2,2,-0.791315741905621,0.38396765922214166,-0.6344771108886442,-1.5331036875809938,0.2889111942043499,-0.2827725644694168
mp-7439,K3Cu3P2,1,0.07315408650586422,-0.7630480397113261,0.17468666128728114,-0.3543893371201953,-0.471853262958846,-0.05783912449856198
mp-10408,K2CN2,2,-1.343795000400864,0.7839417057811456,0.2631204817362222,-0.622215475867648,-0.6451752780718675,0.10848806877028958
mp-7979,K2PdF6,2,-0.7965197717992443,0.5916434821234615,0.1065061453007184,0.4767682262201718,-0.6443541810252372,0.30336717501780286
mp-541911,HfNCl,0,0.3826594146128117,0.5451812331787259,-1.428328755166802,0.781039456399949,0.7284294088128898,0.1651802364272106
mp-9732,BaNaP,1,0.3264202723384262,-0.4228913007112128,0.9049041565363014,0.774785112947036,-0.5509141276995638,0.10092861516371937
mp-7104,CsCaF3,2,-2.051933724423325,2.1009279385034354,0.24178861535594748,-0.4268771148265904,1.5400830380109316,0.09830299669210643
mp-9569,Ca(ZnP)2,0,0.6564163231185992,0.14136874556914727,-0.3730155826147966,-0.33747894693772545,-0.7857128696854253,-0.030935555928164216
mp-3744,NaNbO2,0,0.7096915121096566,-0.39310679305902035,-1.2739958168812033,-0.5094756860869868,0.08473435456550106,-0.14738425573515154
mp-570324,Rb2TeBr6,1,-0.5806115576064298,-0.5118364936891359,1.3980740554289015,1.3746547423264865,0.15587502159152836,0.30790545129492736
mp-7077,KAuS,2,-0.21030076605508566,0.46957050649441084,-0.0561126772156966,0.922608489826396,0.04203033939982524,0.23290749008422543
mp-7589,Mg2NF,2,-0.7386580403769129,0.7645749178832891,-0.04488870870255569,-0.12768509906471825,-0.8525160511950567,0.15022695796525187
mp-27422,CsBiF6,2,-0.7511372437167493,0.334341189098833,-0.1385779396637943,0.47589302943561873,0.23370936388666286,0.24602941945570111
mp-3762,VCu3S4,0,0.5764376109395819,-1.6399460437470244,-0.6896497440399361,-1.183695623334975,-0.11369171624795125,-0.42039958672228195
mp-764673,Na3VO4,2,-1.3692426233188655,0.42491702376978835,0.25725426784653915,-0.8574173633308543,0.050850362474913736,-0.027894592004197676
mp-28479,Sc2CCl2,2,-0.08522940092436987,0.6835956042432572,0.25299109983791895,0.11381399428128841,-1.4659136506005972,0.05483956528392676
mp-570256,Ag2HgI4,1,0.4389503299001368,-1.1754025989801697,-0.035292206877863386,0.914979359943743,0.39873910528173023,0.1155047601714225
mp-7949,Rb2GeF6,2,-1.791460854272205,1.4123388798035137,0.436220221920723,-0.052228701848257855,1.227183971701252,0.17764935606227855
mp-37879,LiYSe2,0,0.19201373624296922,0.5936399183252343,0.4038422322142534,0.9589167960207821,-0.36378778406036816,0.06698940203717765
mp-7907,Al2ZnSe4,0,0.009790241034058277,-0.6792105631865282,-0.25500138698327435,-0.4754624609569068,0.22790117581610567,-0.13991551098702568
mp-23025,LaClO,2,-0.6555718538585645,1.6291448235396921,-0.14667612438193367,0.6327210032966695,0.749545379234084,0.10018413939591311
mp-30062,Cs2PtBr6,1,-0.13198805562605379,-1.138198960422711,0.7223556301839477,1.2773831653136045,0.296371665165729,0.26235699437911336
mp-7849,AlAsO4,2,-1.3494505179419116,0.37430846852185107,-0.04360718627311909,-1.1869478052487632,0.3110017741528104,-0.1496166033143204
mp-29585,K4CdAs2,1,-0.08824556454850598,-1.5024661827126387,0.8428679663651104,0.039525847261799654,-0.7651411638518774,0.012291636660332755
mp-29209,Ba(MgBi)2,0,1.7465077939848495,-0.6630089862063583,-0.4669345972452354,0.009918187849148727,0.043030230732415284,-0.004439479093892183
mp-31212,K2MgF4,2,-2.2282421045791723,1.6815842639652612,0.5772131163626959,-0.7635643912190506,1.0042132726756903,0.0845207530973691
mp-8402,RbMgF3,2,-2.0387261636620893,1.9464659361168664,-0.06203165249165475,-0.8139570852647474,1.5670317733737376,0.03035170395416958
mp-3448,KMgF3,2,-2.2997746757989566,2.047918001686563,0.2734620073503853,-0.9928421842133751,1.2094615549985457,0.04057223316330697
mp-3481,KSnAs,0,0.9070861784088128,-1.3422387933364055,-0.1557044454356631,-0.46072127374869604,-0.45424063045183777,-0.12823281744619158
mp-14205,K3Cu3As2,1,0.24820562359511103,-0.8122370336101636,0.08505427018464692,-0.1750302618872634,-0.25108281615837236,-0.04421217620253734
mp-7297,Cs2SnF6,2,-1.5250081750397368,1.1761409776264011,0.4463547249618725,0.3722890206347638,1.2963727339221283,0.22671645543596428
mp-23949,RbCaH3,2,-1.3184803233365319,1.1870136545924745,0.41609247288426954,-0.3222549687149771,-0.6421481897395918,0.1396901457320587
mp-30460,YNiBi,0,3.289941289158767,-0.334633234157116,-2.07332271796595,-0.400301487986851,0.8734485033236759,0.037293912202160974
mp-752658,Y2SeO2,0,0.025441004609826248,0.9514823891571399,-0.7664475456972389,0.4909910034824198,-0.02484104316916582,0.1400389023737236
mp-5394,LaSF,0,0.2348345203512677,0.9011231700547712,-0.5446356346106203,0.9499105606304579,-0.31208245094488635,0.17263540500793675
mp-5693,NaCrS2,0,0.25795471463348896,-0.13690184611420975,-0.5302789735043414,-0.8873842261512754,-0.9977691732691695,-0.10725360200594856
mp-569028,Rb2SnBr6,1,-0.4034306999218363,-0.6572670047482845,1.1780521889992248,1.5122140067291592,-0.21814956799590154,0.37015833437642015
mp-9385,RbAu3Se2,0,0.6046126193424955,-0.05179101651251556,-0.9050802479723626,1.2353161675278266,0.8217719921761059,0.20345799015616445
mp-33857,CrSbO4,0,0.5492774317440905,0.07664678149960737,-1.525154723571492,0.18634489165399923,-0.3180881173476296,0.0722283998651956
mp-15777,Zn(GaTe2)2,0,1.020514991384604,-1.3018044707765117,-0.4117831476375439,-0.06663984362961213,0.40353165725384077,-0.1125271086013877
mp-5072,Rb2HgO2,0,-0.25681699323671914,0.3404953522860362,-0.6906055138669998,0.5357815332185678,0.005764685853692901,0.2218581343469915
mp-9250,RbLiSe,2,-0.5739107571861816,0.03342005792298994,0.11775744945783653,-0.03431143899841888,-0.23433122447255247,0.09114557524503922
mp-549158,InCuO2,0,0.8627687884989312,-0.486174853158049,-1.4631075529733368,0.4334681195021748,-0.28309801957618014,0.06856872089537025
mp-2998,BaTiO3,0,0.7697971615799292,-0.6574834510001238,-1.8099110408843786,-0.9152989917744279,0.446278383876994,-0.3384326420223312
mp-9127,Ba(SbO3)2,2,-0.4336204944076307,0.6733991141235316,-0.4158701586491607,0.6815036194221105,0.43947007087911427,0.2302012119619401
mp-697133,Cs2CaH4,2,-1.0197597116734696,0.435895937979727,0.4358889142341397,0.035291997244795884,-0.15373340833265772,0.16169110366021594
mp-8224,CaSnF6,2,-1.8341299148368615,0.8448435077956967,0.5458578332398583,-0.5935439298596372,0.8664835597572111,0.058875095415445756
mp-14588,Na2PtSe2,0,0.701074914528246,-0.6681881374579748,-0.22305762970362725,0.9271010874585884,0.1474979299877355,0.14033830035629377
mp-22958,KBrO3,2,-1.30448596997496,0.9410811458262144,0.008024871618173581,-0.5476719352174464,-0.012803093811242658,0.08419903919874705
mp-9610,Li2CN2,2,-1.5239400971532162,0.6488542146191459,0.13594851291980925,-1.4520817254698826,-0.5367130347938515,-0.1018284580651437
mp-24341,CsBeH3,2,-1.3376773248272902,-0.2567703541211505,0.9842607203628181,-0.25438260554854986,-0.07776686023176205,0.08999005472554274
mp-8452,NaLiS,2,-1.2009934185023527,0.6961398600699206,0.4564918323058722,-0.6719693226128185,-0.6746267452728945,0.049005129824331584
mp-3821,K2PtF6,2,-0.7214857682147215,0.6808343471205054,-0.1899148453232565,0.6245083929052853,-0.05693617112779159,0.3071939570518736
mp-7505,K2P2Pd,1,0.1390387560147883,-1.4497615787830997,0.7231311659772259,-0.15857898519754654,-0.3161119481291567,-0.06808138277073739
mp-556417,Rb2NiF6,2,-0.7932254640371105,0.07152219725355148,-0.019709176841222323,0.07283909351704905,-0.20552893458217988,0.16375896366647638
mp-7436,KCuTe,0,0.7488440530476602,-1.1252516297876733,-0.4403797422860676,-0.3479639838840853,-0.31946739175240735,-0.11780423527130193
mp-23513,K2PtCl6,1,-0.6843118978729285,-0.21852484572470046,0.8269551590056888,0.7459197731307827,-0.39451426361538067,0.27497647602817576
mp-23383,Rb2TeBr6,1,-0.5541715498815762,-0.36493617234137316,1.4426541381708013,1.4876442147655708,0.090500953508449,0.3070795432194905
mp-9564,Ca(MgAs)2,0,0.218565457399898,-0.05226337865159237,-0.10337870432238268,-0.48275630869165453,-0.755563753880534,-0.04220303978681617
mp-7936,LiNbS2,0,0.9586384003704871,-0.8178511964615014,-0.6037015991773056,-0.7760241664854063,-0.39942110558011296,-0.15959991582438454
mp-754596,RbGaO2,0,-0.3692303124753005,-0.5310242919468325,-0.4973196487348975,-0.5099721001510361,0.24278744553591106,-0.13893396186607962
mp-7825,K2GeF6,2,-1.9701987992076715,1.5964935493654422,0.6233206377426027,-0.21532035282131448,0.910346255718586,0.1724869997987495
mp-772231,RbCrO2,2,-0.2830689559757574,0.9455932174638999,-1.0169879877200727,-0.07739787158217977,0.15554898674097223,0.07801716959253541
mp-7467,RbCuO2,0,0.041558360575309185,-0.9408518492055036,-0.4116896551420829,-0.30701298615197836,-0.5605647111062085,-0.07569680492116501
mp-11869,HfSnPd,0,3.081057615933771,-0.11699244116394508,-2.824730189521478,0.5088464610562993,1.351029308436473,0.05256059910351242
mp-571648,Rb2MnCl6,1,-0.5296395808307892,-0.8346294768997724,0.822517566872265,0.4655262679886127,-0.665907241408534,0.19622074879284004
mp-29754,SrLiN,0,0.23514291549122407,-0.15921479898138421,-0.2933331838667765,-0.13586100930502273,-1.3399490356747694,0.0652720222969159
mp-22977,CsVCl3,1,-0.31921840220758085,-0.2999456053405976,1.2082820802484158,1.6174578113687827,-1.020211076954951,0.37378142866946884
mp-22998,CrSBr,0,1.2922504939073491,-0.9993619454839907,-0.20652738987635125,-0.9020979778986082,-0.7064695227099039,-0.13132854638045
mp-554955,MgCrF6,2,-0.6686740281109731,0.17983669249505355,-0.2192096253255209,-0.15952648086203441,-0.9925030990558965,0.16314935949182677
mp-557668,MnPtF6,0,0.002801045090308979,-0.18413283358845853,-1.0497965584933389,-0.027766844649308592,0.13207558091859556,0.002258855459185774
mp-9919,LiZnSb,0,1.8287326479007289,0.23464828524314846,-0.21728266958022335,-0.0347805619674147,-0.44110152732608515,-0.04104890301501911
mp-22950,CsNiCl3,1,-0.27905902949820427,-0.6290191141111106,0.7690333434126934,1.1163827140510036,-0.6448788261784506,0.3213816161031674
mp-10667,SrAgP,3,19.21340108788478,6.717697066192035,9.181870622130749,-6.595762270092212,1.7069069439635687,3.2069513508722993
mp-568661,Cd(InSe2)2,0,0.7322179051473264,-1.0383777953712723,-0.4198277877776147,0.28162320861043916,0.041609755034253425,-0.0048237640502138525
mp-15687,KZnAs,0,2.5834171761250673,-0.2750343868912797,0.03560650763518218,-1.8419842448645594,-0.7249355725678148,-0.023304784386353732
mp-4359,Sr2PdO3,0,0.6717352550624707,0.5230312879153614,-1.0686543957822194,1.0199345025439248,-0.755815963748945,0.23841722722854086
mp-13947,Rb2HfF6,2,-1.9915313807113528,1.8753330562757269,0.5139267871773348,0.12930865066752115,2.0600326513962504,0.16480514215995673
mp-9166,MgCN2,2,-1.356407325922247,1.223688625626719,-0.04651160791911148,-0.9228003297720612,-0.4142541047590344,0.029365872297706257
mp-27832,Tl2SnCl6,2,1.5318062321375943,2.5749149112877756,2.6825539493450425,2.1890656656270853,-0.06680976917657808,-2.3121626591942284
mp-961684,LiCaAs,2,-0.25488352798253233,-0.005717260651371346,-0.3423565041253085,-1.0835832191842463,-0.7977234785586873,-0.13707890083617258
mp-764362,LiNiF3,2,-1.4945904898722042,1.3340616569362673,0.0264162610230105,-0.21554746597554847,0.6583394352812098,0.15539972458983287
mp-697038,Ba2H6Ru,0,-0.1569711716725837,0.4606041702795495,-0.4304081148966687,0.5208323808606592,-0.19738010130051342,0.18970755592813038
mp-22936,Ca2NCl,2,-0.7553438140272111,0.999396115735191,0.058306026098290775,-0.26731243141027455,-0.8679918910748934,0.09011710820834326
mp-8753,K4HgP2,1,-0.2072149363836883,-1.1974556603331812,0.700876094529931,0.06246057533641298,-0.6633729302160669,0.03894262140009255
mp-27178,HgPS3,1,-0.0049081137484878285,-0.7126895132053132,0.4229516586371414,0.48098246224733476,0.15104943527967005,0.08630151391050546
mp-6972,YCuO2,2,-0.28917857417780746,0.9434557518157591,-0.831744190870973,-0.026090735347344504,-0.015134057411339243,0.09061663899818985
mp-27702,InClO,2,-0.4458921730277645,0.16275981600981265,-0.44119626356787806,-0.023168213332715414,-0.037663473622837104,0.0866460762967444
mp-4124,CaCN2,2,-1.3308087918636382,1.023438498161721,0.04565999140179394,-0.9230428860505528,-0.4737715440377859,0.023421218274726027
mp-754065,Hg(SbO3)2,0,0.8312357661650007,0.41081703312045287,-1.3055362110950204,1.4823631192755824,-0.09629770138021504,0.3007501395137436
mp-35539,Zn2GeSe4,0,0.5001011874442849,-0.869012488187702,-0.49779044558565294,-0.20532866087737556,0.14920285747001522,-0.10304488959210482
mp-20187,LiInSe2,1,0.1315988668978262,-0.9545004984018918,-0.046902742230749375,-0.016710506765780505,0.0973347932389235,-0.047255957619861975
mp-567931,InSiTe3,1,1.2284195296973066,-1.4758663549262097,0.5680185974957863,0.8939384465012801,0.3196545401659254,0.0832293312594063
mp-7482,RbHgF3,0,1.6811013986091738,2.7187476456306863,0.521450756220106,2.07364776647227,-1.0410458388876662,-1.5137896748056034
mp-755287,Ca3CdO4,2,-0.45720840804640994,1.2057567917350187,-0.09785090296280531,0.5877537583103055,-0.2619111240563774,0.1551053781633233
mp-28423,Ga2TeSe2,1,0.33679529184821766,-1.5744154977586333,0.34847661513212497,0.2813138377993607,0.5959810675476322,-0.0659340559350074
mp-28084,Rb2PdBr6,1,0.14054852936068074,-1.346017278489368,0.5728565560347361,0.9029663815830158,-0.25308145841296253,0.17388563537484653
mp-3982,KCuO2,0,-0.07247783288902296,-0.9021650842802876,-0.32407468127492434,-0.5830308183479961,-0.8326131600915331,-0.11061301232860886
mp-27829,Rb2SeCl6,1,-0.9749216122359057,-0.31054993040613954,1.184272920091986,0.49871421844720615,-0.07319154048064166,0.21396432354260894
mp-12535,K2ZnTe2,1,-0.35962202574399393,-1.348180455030969,1.3373698641319192,0.7892458915225788,0.42384836360307276,0.12731969377227872
mp-30284,HgAsO3,0,0.44539905769678617,0.3109876999865885,-0.7684121201531787,1.3498057748333372,0.14506534679078256,0.27916654642862765
mp-20463,CaPbF6,2,-1.1439123880025381,0.439826398852334,0.20191081600785177,0.07813011068638281,0.23207476338316788,0.1899770514594413
mp-16337,Ga2HgTe4,0,1.3441843230773598,-1.2112739726409594,-0.4198922804650551,0.366279052849325,0.4389972689793408,-0.013026172059844772
mp-3042,K2SiF6,2,-2.4823558582760286,1.6071909531904107,0.8723108451324815,-0.8659963181303216,1.4597468607180915,0.04756753874683033
mp-23350,Rb2PtCl6,1,-0.5408972574741068,-0.6956510982630025,0.6094030667774836,0.5477925118356708,-0.027167996415660232,0.17804093090435108
mp-540957,Cs2TeI6,1,-0.08463742448299416,-1.400800798887415,1.6730267011340976,1.8652493981202412,0.4409236266094875,0.3178411703558498
mp-14983,Si4P4Ru,0,0.8934714174354257,-0.8530549108954275,-0.09305501644101144,-1.1917442620209022,-0.08831860997759922,-0.21743193851807052
mp-23804,Mg2FeH6,2,-0.508538973335967,1.0575276981664046,0.0017342745453260177,-0.2195237655030883,-1.1103072123348885,0.05909599458093568
mp-568544,CsCdCl3,2,-0.49934872276731096,0.6760679047757284,0.15374206091904902,0.75000541755473,-0.6568087276947402,0.2649131986472358
mp-20782,LiInTe2,1,0.4215985206146349,-1.4576113337801215,0.15140062150596145,0.1429359674945882,0.38118379968412053,-0.07659823980850007
mp-8411,Na2AgAs,0,0.753334029656102,-0.43544543394927626,0.18462326403675908,0.07409673377220927,-0.5228876356403381,0.008730088294132625
mp-15724,KNa2Sb,0,0.25626880024874166,0.11008595286333162,0.13463713307868172,-0.24366175898059497,-1.2723037525855059,0.007935375373609268
mp-9573,NaBeAs,0,0.1411511461193064,-0.39942299110650725,-0.24035526569730734,-0.8363484484388878,-0.7307564000678409,-0.12429595806074635
mp-7223,Ca3AsN,2,0.5783509567297979,1.2148747160516156,0.5870123066560715,0.44331828615835916,-1.4497202691600009,-0.25138910777616624
mp-13275,NaSrP,1,-0.0008823813940815591,-0.30120394152110186,0.8740635793829828,0.35905228135737643,-0.6553559617469005,0.0750008161082561
mp-28171,K3IO,2,-0.5555630895650085,0.11388733055364483,0.29354125693402316,0.34431109899959883,-1.223787329739035,0.2534817772549635
mp-23059,Rb2SnCl6,1,-1.0041853096281463,-0.2339365373899113,1.2035678786587956,0.7383779127185037,-0.08668279687102956,0.2839853850057928
mp-559408,NiPbF6,0,-0.20339308414190257,0.31368152810728334,-0.9733069535030566,0.3812537877273199,0.23006943391308468,0.16396864809840062
mp-9124,LiZnAs,0,1.3498351854202169,0.02720502818208257,-0.8964817027347772,-0.8353076685822989,-0.6770791081163698,-0.09698926864046929
mp-27716,KTlO,0,0.36281577717225494,-0.0107933228060506,-0.8266787221065643,0.7663600624187019,-0.03991467739277728,0.18650861431290028
mp-8208,Mg(PtO2)3,0,2.7016852523087995,-0.7586617008113294,-2.655713174103856,0.6427760541823504,1.3892510994034175,-0.01277268451717677
mp-27207,K2MgCl4,2,-1.8780383925268223,1.009017619000406,1.3338149097998993,-0.09121415562570145,0.26224281053611437,0.1648551833171631
mp-862631,Ba2SbAu,0,2.0891602253586563,0.17793920553592338,-0.6863868543907604,0.5047142344678007,0.2554978892480321,0.02058437464245414
mp-15685,Na2CuAs,0,0.6740646223664876,-0.3314311645522418,0.2166200888450329,-0.09620623296727845,-0.7642652360013705,-0.00690162400273439
mp-7773,Na2AsAu,0,1.6125607150826884,-0.339600867610839,-0.23358039566804006,0.4123936342392952,-0.07084977789415431,0.031954669462508
mp-18946,VBO3,2,-0.2829861912114658,0.2945994159115548,-0.5144583976843875,-0.20796060549397466,-0.5286438282441737,0.065585106521533
mp-641923,Cs2SnBr6,1,-0.34681827812166993,-1.0784238465086633,1.0991717879550464,1.365026157652565,0.09409216812358188,0.3186832591957381
mp-27691,K2PtBr6,1,-0.18155494957529306,-0.29273167911387654,0.9009606825002044,1.5574970620190887,-0.3063235440540188,0.328373277010528
mp-11022,ScAgO2,0,0.07930730733971156,0.5801599080649429,-0.6866836746286209,0.4072589788806333,0.10567903992733033,0.11824562523519898
mp-8256,ZnPtF6,0,0.029597218600203833,0.11021008649018715,-1.238987512655813,0.23478328725890346,0.3417710822806006,0.07647672580899939
mp-5986,BaTiO3,0,0.32111533760515865,0.4639062645225445,-1.2868716588901508,0.11010496439811994,-0.0032126955704037427,0.06355100452848438
mp-9915,LiBeP,2,-0.1435927624159484,0.11256950607704351,0.047780713900512854,-0.9785511738933035,-1.3920554159166079,-0.0792572314107622
mp-30530,TlClO4,2,-1.1635632115859849,2.10665227188904,0.4141050439691876,0.6275917746667393,0.4774672975682074,0.023909237990389198
mp-4280,GaCuO2,0,0.6222364615269004,0.2812231115837633,-1.6864370170418292,0.11909358731220487,-0.26564915130621475,0.059645749456482565
mp-7288,Sc2SO2,2,-0.22683079703797182,0.6648017659799726,0.1927838902044236,0.25945707626993636,-0.5001278164256253,0.07546165659705333
mp-3642,ScCuO2,2,-0.18225597854376302,0.6512216582070032,-0.41263074749158063,0.05604472928156422,-0.12881065236676367,0.07373632582313175
mp-28166,K3BrO,2,-0.6349751503727723,0.6467662046421125,0.620007000212222,0.6571751101735713,-1.6117711075205032,0.26013331229661796
mp-541044,CsYO2,2,-0.2556020580563413,1.3263947372225637,-0.07099868542529196,1.2054216563997393,0.33063819994693766,0.14545550654386477
mp-8098,InGaO3,0,0.3793297469549762,0.5852433924450662,-1.0582310978388139,1.1242323664446583,0.026659698894710638,0.2656809570625419
mp-14070,RbAlO2,2,-0.9212223802506967,1.7471876699000761,0.6505248851109583,0.717860421569287,-0.2391709310464557,0.0043911410431859465
mp-4187,Ge2N2O,2,-0.3738728906913235,0.012653827215002047,-0.40375500598567493,-0.13556257532782304,0.2233094739489832,0.01720188624915906
mp-867194,Sr(MgAs)2,0,0.27353910967099015,-0.13341468538532125,-0.21287203597656146,-0.39033942055694487,-0.5381548089634131,-0.03939735073335873
mp-28797,YHSe,0,0.6546736227954343,0.3580877499099203,-1.3320891178886929,-0.28263921039512674,-0.09969327972471936,-0.03609744631638887
mp-10572,NaPN2,2,-1.3581360259222377,1.169462651742586,0.10908081319466598,-0.7887098952425374,0.40952324988406846,-0.017095046783253284
mp-753594,BiOF,0,0.5847098354373803,1.2065855279909137,-1.7575943641013805,1.4291956050969408,1.2410455726220204,0.24497221835212085
mp-20015,As2PbO6,0,0.1437489011322138,1.2751185638078821,-0.6444343844427285,1.3095814921089546,0.18245929038191713,0.1903692146776826
mp-3614,KTaO3,0,0.5096099350361856,0.22774828365008776,-1.7942935307075447,0.032331143226620035,0.630172512619609,-0.02690372071597522
mp-555123,KMnF3,2,-1.0554303294917264,1.5244663316076374,0.058014800074648605,0.3428814276028872,-0.7963961900222096,0.25431142167174203
mp-28994,KLi2As,1,-0.14157781187470891,-0.7048844504198207,0.5470500980061941,-0.25323239897882166,-1.1835761332557004,0.027099458342830316
mp-23036,K2SeBr6,1,-0.4091899937398355,0.06992992125738318,1.5177569737771057,1.4973430553123106,-0.3776468627052445,0.18722362915476987
mp-19225,FeAgO2,0,0.7510462597942448,0.4237935045232113,-1.5967956712946811,0.21402035366177097,-0.11495578791563109,0.06384252090874704
mp-557938,HfVF6,2,-0.8576286826936478,0.22210325164256672,-0.2828155967697176,-0.170960156691659,0.3144749383243835,0.07060765630282627
mp-6948,KNaO,2,-0.9200762016089958,1.1652551084562344,0.4293844903927674,0.2131214874986798,-1.1383708459930657,0.1739031538107417
mp-8922,Cd(SbO3)2,0,0.2647369613163384,0.48177330418175834,-1.021357967986324,0.9879844523971233,0.0033535041604074796,0.261019428152316
mp-558838,NiPtF6,0,0.15799133568230278,-0.1690670520880935,-1.4339059459016774,-0.013294589572142851,0.4597019029018549,-0.04112342586201704
mp-560976,KNiF3,2,-1.4047514778080072,1.4670272858367714,-0.2756062123264385,-0.36145699614661014,0.4099459665604521,0.1434982895660545
mp-4824,NaZnP,0,0.35780042948622987,0.10297426763755511,-0.09706497136410837,-0.25090017453316793,-0.9495923752661973,-0.002748465812473351
mp-5782,AlAgS2,0,-0.046975127287274016,-0.7630171755048859,-0.19496258517075307,-0.511376116841705,-0.006305130529260517,-0.1368791903734304
mp-8751,RbLiS,2,-0.8982174531004968,0.3086891461019156,0.28805595446958415,-0.2807997250947776,-0.34128455386627193,0.08275207793618769
mp-16763,KYTe2,0,0.1720503241766823,0.003531628721916106,-0.30165471400806254,0.22629227586829564,-0.4180573591534127,0.08801074587446764
mp-8818,Ca2ZnN2,0,0.07022590144032674,0.49124817923551617,-0.34463766296004356,0.04069542752434353,-1.2541159447254495,0.10192394233951263
mp-15794,LiYSe2,0,0.15110020529042578,0.9761638944365046,-0.31752169053344326,0.45695664291766347,-0.6399918947427219,0.07215403116806252
mp-8752,Na4CdP2,1,-0.09112173946486321,-0.9698059357886615,0.35996177740492646,-0.47837606335103217,-1.0315781924715326,-0.052248362137378414
mp-9821,RbSbF6,2,-1.5525711919550973,1.0404470090816365,0.2306139028471296,-0.13615077711082849,0.79107118168298,0.16716925719968953
mp-3924,LiNbO2,0,0.5877147879452043,0.4363907492424665,-1.0232230983005879,0.021456069320235246,-0.06392230649568598,0.017338298981680926
mp-8703,Na3SbSe4,1,0.05168312633940876,-0.08269993138663949,0.4854788008767108,0.8394693427970367,-0.6482056112885723,0.17943592788055482
mp-3524,LiPN2,2,-1.1111560870461519,0.8785874380916571,-0.05614469646176689,-0.8792368453317391,-0.042410225444224466,-0.03432040301786428
mp-10246,Na2PtS2,0,0.3185773653180992,-0.4820799327995038,-0.1540149133950408,0.6073970715230331,-0.09185113021609122,0.1234724694030975
mp-8720,Rb2MnTe2,1,0.010322984152402308,-1.9189812367624184,1.3375289965626507,1.2060973021823072,0.1888306299723748,0.18321762342787545
mp-541989,Na2CN2,2,-1.265283309331061,0.795206063520074,0.0006497517995539189,-0.8191941251091025,-0.7194567293712812,0.06383691066301753
mp-9731,RbAuSe,0,0.07937951087456949,-0.10407190204975701,-0.23596019714983346,1.072281925759311,0.301616032009963,0.24028111302387437
mp-7642,K2AgAs,1,0.11169412637341762,-0.9074704892088495,0.5410069525650798,0.24809321194919004,-0.38928863751290355,0.05515446574600702
mp-755293,Sr4Sb2O,0,0.5078201061358673,-0.25408610455776853,0.23959808234110508,0.7448940428480387,-0.2719150346326505,0.11083239233900552
mp-25010,NaMnO2,2,-0.020513110680984898,1.471375472588862,0.044686738941285456,0.8883143135707297,-1.1430999005223208,-0.008004795659354786
mp-8446,K2CuP,1,-0.16017173042267385,-0.6166544408031026,0.6294987462744441,-0.0335441758961023,-0.7822770424566907,0.04857595820880696
mp-7770,Sr(ZnAs)2,0,1.5354056787720498,-0.13072913473285194,-0.6712461461638639,-0.07173935667111575,-0.4585285115489779,-0.0065562987856354355
mp-553303,CsCu3O2,0,-0.025396551661569833,-0.03030428631667484,-0.5612893478693932,0.16391929678907335,-0.3435090143621841,0.1022859568746298
mp-27827,Rb2TiCl6,1,-0.8999015399108888,-0.3718711290844154,1.1340427781439206,0.5454121010731192,-0.35412125087753593,0.24086101510166705
mp-11719,K4ZnP2,1,-0.4349804240330303,-1.0790427922665684,0.9150783635665773,-0.13541393206191019,-0.9881514654542392,0.04198321392964391
mp-4784,CaPtO3,0,1.0848952109436436,0.20629497032127062,-1.665140201242284,1.0159212099581785,0.6866959211823317,0.14893013444668254
mp-697096,Na2H4Pt,2,-0.37864797937530376,0.3434461598569942,-0.6930943142925713,-0.08508907551366936,-0.2647998575848776,0.09736964066069355
mp-7910,Al2HgTe4,0,0.83990293992979,-1.1195700044264576,-0.23814927904851074,0.2708005290365186,0.38561040850645795,-0.028596864678852023
mp-13610,ZnPbF6,0,-0.23454627252342933,0.4518428311576374,-0.7797308304558223,0.6186936022831121,-0.0288982114853502,0.25094758673284284
mp-14091,AlAgSe2,0,0.5347062705759121,-1.1528034912124336,-0.4207700458614866,-0.1025224972912555,0.1252807577677778,-0.10631989913573957
mp-6960,Rb2SiAs2,1,0.07352269245656409,-1.5658779373915928,1.0326265972630775,0.5959377431863612,-0.14366922784170355,0.082444134237471
mp-15684,K2CuAs,1,0.01948835026408192,-0.789616630068433,0.5397053969357628,0.08270865483605713,-0.5751682610226968,0.04285881428163863
mp-555359,KMnF3,2,-1.1017983856027713,0.8730237450950612,0.4237609927243502,0.49264685083599036,-0.4125366143954796,0.30603911581732707
mp-22975,Rb2TeCl6,1,-1.0004449517535408,-0.11613450448196778,1.3697791977705176,0.8342714215561933,-0.06130867761615444,0.2739282782999872
mp-697044,Ba2H6Os,0,0.04858325405419393,0.5215507868242392,-0.7445513181768804,0.8188726971642157,0.18658293495775713,0.22023161997439653
mp-8830,NaRhO2,0,0.6119611142747275,0.17131902360379825,-1.6165231601452712,-0.2663055098034362,-0.06463743055329434,-0.04681723850316897
mp-935811,KNbO3,0,0.5084888546287882,-0.7696634492449236,-1.352750555929049,-1.2666264846985333,-0.13037833638482277,-0.3644859712949308
mp-9583,K2ZnF4,2,-1.5418305881234753,1.3970112758796733,0.3219933854381512,-0.03258801559543956,0.14755310909185226,0.22125047299335862
mp-8235,K2SiP2,1,-0.4217697520700246,-1.1293931897365275,1.185294980018828,0.00229129714711413,-0.7415501931966415,0.04831325207958892
mp-9198,Fe(SiP)4,0,1.0806828992101951,-0.8286034120244157,-0.006809035515341188,-1.2579473184841963,-0.40934485571623547,-0.1876974613328003
mp-10919,Rb2PtC2,0,0.3186877321062964,-0.1624556798953911,-0.5943070943063129,0.16748115298492777,-0.3360173078260305,0.06422833472782392
mp-14232,LiBO2,2,-2.290378461347562,2.018571378413241,0.3068825586901573,-1.342384553690139,1.3441975895803124,-0.08024615047297409
mp-29750,CsMgBr3,1,-1.2149973171826227,-0.06356762069869631,1.6429428312277934,1.122643572781974,1.0295672210743168,0.27582258811406724
mp-27837,NaHF2,2,-2.484168722181302,1.8866017161075672,0.35895480689683773,-1.448873841779822,0.8429865453245289,-0.017570942033090457
mp-510625,CrCuO2,0,0.5330488053880934,-0.10998802082124878,-1.542558302169528,-0.7709367409652998,0.03418289520778884,-0.18758282548477592
mp-4043,NbCu3Se4,0,0.8483966969810213,-1.683922375699453,-0.9714843005102878,-0.7240818988759773,0.6196380853308001,-0.389034042109677
mp-29091,Ti(CuS)4,0,0.781214152811806,-1.3238144524727322,-0.7275242060225636,-1.0410944051837887,0.2665720473778632,-0.34174921087861265
mp-5811,CsPbF3,2,-0.32946050686436834,1.806612204024032,-0.17501714151655218,1.306187611568267,0.1629386513906362,0.0851621244826334
mp-9306,Sr2ZnN2,0,0.31191174654468323,0.6137540423835133,-0.5180573516749224,0.5627841085718309,-0.9213380011537626,0.1492804138130332
mp-4979,AlCuS2,0,0.07109506436091573,-0.9098240745446055,-0.32009347726341353,-0.9421645818895362,-0.19987102296840575,-0.24334749279128268
mp-4452,Cd(GaS2)2,0,-0.15824717272362684,-0.4318712925407626,-0.13051842642872977,-0.378249567374465,-0.016302205667962297,-0.0685349778898803
mp-34337,H4NCl,2,-1.9394659430287924,1.335147267111985,0.415230215005685,-1.334678338192526,-0.117612158346437,-0.02622753874023885
mp-3980,LiSbF6,2,-1.5731125273982292,1.1152631512375695,0.05579048677461601,-0.4231792057483313,0.7004566888163669,0.11084967017653367
mp-8277,Sr(CdP)2,0,1.0496045259782023,0.11475630085909065,-0.51004497254645,0.15685769436411282,-0.43442177165873475,0.014843072443374367
mp-561238,AlFeF5,2,-1.4752211684393817,1.2906160825129587,-0.05628885012727044,-0.35213736947411406,0.2636605721933389,0.15942998322227012
mp-581024,CsK2Sb,1,0.1340484608940173,0.11334308105105491,0.4005776180426364,0.3323494850279701,-1.0024963669215745,0.08136790690264727
mp-6984,K2SiAs2,1,-0.07610102031761716,-1.390353831910568,1.0834565022383846,0.2643780042966208,-0.4442341610123061,0.04866511847690956
mp-4541,NaCuO2,0,0.360367509104082,-0.19342025443827668,-1.1797523893922022,-0.5799682271484791,-1.03004221761869,-0.05955683362462355
mp-7233,La2SeO2,0,0.11904596662145193,1.0816706330042223,-0.8175685823734345,0.8439096008379285,0.3413573271558062,0.1637991776765152
mp-553896,K3MoF6,1,-0.9126896898986779,-0.9481314036150211,0.18007098813806566,-1.0977088630996779,0.44462191980771004,-0.32857871003566574
mp-643101,Rb2H6Pt,2,-1.10078365909084,0.38470766039649534,0.05267520451022963,-0.25795949150466774,0.6791303800213341,0.04688375255337629
mp-4666,CdSiP2,0,0.6016431906481683,-1.0548196520886746,-0.19742675844458038,-0.8641343048229337,-0.023470406015609593,-0.21862923629089437
mp-3161,LiAlSi,0,0.8954921477395694,-0.6025256775596532,-0.29252846511251657,-1.8534860555482227,-1.595765213653571,-0.23751650409304323
mp-13097,NaZnAs,0,1.3868592851455372,-0.13734323461177836,-0.18931118653226645,-0.3476783663988729,-0.698229874125292,-0.04165094925530229
mp-697030,Mg2H6Ru,2,-0.6801709795070685,1.4169538872301208,-0.005012157445541087,-0.10226282398502753,-0.35974723280825066,0.033542092671865455
mp-7939,NaNbSe2,0,1.3800776325139434,-1.292500382276245,-0.8810051357481579,-0.4542094021525876,0.11971943796516055,-0.17236198077674914
mp-23736,LiMgH3,2,-1.6499381432524398,1.0558742840699267,0.7725808817672031,-1.0595784599372804,-0.5229047910504107,-0.011020294969068195
mp-561800,KCrO2,2,-0.5914180131921954,0.8773155408907605,-0.6947892510786806,-0.4947322522694254,-0.1446219095178637,0.026715698398593096
mp-28069,Ca3AsCl3,2,-0.6505685948797757,-0.0633370270712987,0.6746409469547278,0.09603760669324299,-0.7107788009270681,0.13596010419315668
mp-570213,LiMgBi,0,1.8094233113475358,-0.3196834322770245,-0.8521515847810699,-0.8982003241385265,-0.42224557580611827,-0.09008853033732109
mp-19448,Ni3TeO6,0,0.2897366993115753,0.32802192919568635,-1.1879108943029422,0.5790365682414723,0.19458816872197618,0.1557281998984267
mp-4342,KNbO3,0,0.022086719597686467,0.4948958601826347,-0.7895160372435382,-0.09222190352425977,-0.6192350494702131,0.07502137377131532
mp-23067,K2PdCl6,1,-0.5801121720564045,-0.46680656184051933,0.931283571034575,0.6050498121947463,-0.8469079512630006,0.2492768467693285
mp-773137,KCaBi,1,0.2531533065520587,-0.7645559221778221,0.5378154259142358,0.5516797266607918,-0.4477533976956487,0.1115549799227279
mp-9200,K3AuO,0,-0.013151376130685415,0.12189793398999352,0.01159239722377,0.5757189071505888,-1.1394260284962292,0.21052355394485878
mp-9819,RbAsF6,2,-1.6623263618257689,1.0548843116165674,0.26300483991853957,-0.36985092927018776,0.7690663349790192,0.12295840608898469
mp-23891,NaHO,2,-1.2174868687578317,0.46373221740310205,-0.07409266165619736,-1.0315449092713784,-0.8039881983182604,-0.006933474258858586
mp-4511,La2SO2,2,-0.20571234530799526,1.3010998658928155,-0.5992261711014709,0.6276293470855974,0.4398185425376597,0.13035634600557838
mp-15788,LiYS2,2,-0.34845619213394347,1.1988402284614148,0.10665818395486333,0.10956537516351264,-0.9682430160197336,0.0322551771134016
mp-4730,Ga2HgSe4,0,0.8688940468039281,-0.6688045564113234,-0.5915025663303604,0.42750523018373365,0.17124999544401068,0.03600433875019089
mp-3915,BaHgO2,0,-0.03291793975437262,0.5871168606898792,-1.1598563987847597,0.578229072833881,0.35938834231676975,0.19467190450064822
mp-3432,ScNiSb,0,2.1308319393295583,-0.3193242574095096,-1.6630271619163397,-0.6064867996876238,0.01897871402472488,-0.0794056751727726
mp-4495,KLiTe,2,-0.6018835946511387,-0.21658344745873376,0.317336415104799,-0.21783121432518476,-0.17141045243322248,0.027698724048656115
mp-30247,Mg(HO)2,2,-1.5841557303792693,1.3265287975867188,-0.024396343388658696,-0.9886340404184969,-0.27704448201143594,0.04682192985703069
mp-867339,CsK2Bi,0,0.8397306908266859,-0.26966294990001766,0.2021093906344865,0.2413294157563465,-0.8537080542108803,0.03307053311046338
mp-29398,Cs2HfI6,1,-0.3938370243262778,-0.984154853041816,1.6785830337909042,1.9773144502471138,0.7913382613922103,0.36004694250957714
mp-12992,BaTiO3,0,0.3173718447381772,0.46348695501173093,-1.2846544252881742,0.11007115190533498,-0.005768496323669785,0.06402158181345974
mp-12894,Y2SO2,2,-0.40142738147047896,1.1957572986861322,-0.47880575276046666,0.19753564335191962,0.10287773734747292,0.10171734359902158
mp-22957,SrClF,2,-1.72595728639861,1.6233941363994908,0.32346709577569055,-0.28718824930954173,1.1991452955231572,0.09286291394049961
mp-557772,CsNiF3,2,-1.4329993645630563,1.7865456651476026,0.7538029721442411,0.7837936499661795,1.1439663201142367,0.12978142482230623
mp-15776,Zn(GaSe2)2,0,0.518659705690918,-0.8044817918672713,-0.5377846896758516,-0.16097430989353925,0.16586261322733245,-0.08988679049772998
mp-8280,Ba(MgAs)2,0,0.4678269562938801,-0.15180353709388275,-0.21409512243395756,-0.15621030893015161,-0.548602685084289,-0.0056467594250845955
mp-961685,NaCaAs,2,-0.20730500407934452,-0.10336351208880926,-0.29960078152108255,-0.9774939307608027,-0.8793360917530805,-0.11596728621180909
mp-30056,CsCaBr3,2,-1.2702553643356167,1.463120328611765,1.039084081902179,0.6653490389549294,0.45428134618260463,0.07911826294530536
mp-10485,BaLiSb,0,0.7643875711901863,-0.035021875767745736,0.23088530712585123,0.6589656924721283,-0.5154367682840497,0.06031720604857929
mp-22304,Cd(InSe2)2,0,0.6673381546962336,-1.0250729136432988,-0.39670451601882684,0.2347162487945331,0.12246264908628805,-0.018065143191688417
mp-8255,CaPtF6,2,-0.5428473505267362,0.15755317952044373,-0.5989113934630967,-0.017816470437409276,0.18653959457299835,0.08487094179911714
mp-28145,Rb2PdCl6,1,-0.43831665315155593,-0.9108217044145811,0.7048138232221254,0.4436268272860385,-0.47884110247051126,0.16187285333342719
mp-33880,Sr(GaTe2)2,0,0.983205252122644,-1.058734002717994,-0.10769521907906507,0.5873804663873465,-0.14793429293393584,0.06822762982284858
mp-3810,Hg(AsO3)2,0,0.6954485452536545,0.5546477045352232,-1.2790105686700164,1.2937476264468075,-0.17731347323375496,0.27881213367431845
mp-5621,NbCu3S4,0,0.3986008415346315,-1.6004977648627932,-0.660305684627154,-1.215009815561007,0.2712607615928885,-0.4650281198748399
mp-4782,CaSnF6,2,-1.7982101760989702,0.9052079274012964,0.4445212352790727,-0.5930915689497263,0.9079139427768655,0.05569292388070669
mp-540584,K2PdO2,0,-0.14729715107466232,0.4253831974774026,-0.6749036082453052,0.10893803788113755,-0.7160533727027878,0.14898953391292466
mp-7575,LiZnN,0,0.8776982054102339,0.5722822783120423,-1.0799425785902075,-0.22302733953441536,-0.9610278582370791,0.00032337041756939406
mp-13658,RbNO3,2,-1.237657955184526,0.7019227367718318,0.5630401657118557,0.26260163338417725,-0.27784252179199637,0.26678318709426413
mp-3759,MgGeO3,2,-0.7696525361442403,1.2067204564432332,-0.36831234411310615,0.21695557775294338,0.4246161613759333,0.15660931011834908
mp-29529,NaSnP,0,0.6623830011228955,-0.670800848000877,-0.11208883267807147,-0.3958692657580875,-0.7156478435961563,-0.056956070903157824
mp-571461,K4ZnAs2,1,-0.2100791319495338,-1.29676246136529,0.8353058128192944,0.006173886223913458,-0.8509743511477996,0.03382484382581438
mp-23009,Ca2BrN,2,-0.5674707190292672,0.9733773137813627,-0.13194636333504364,-0.10464026349034805,-0.5749325093234711,0.09135685330252709
mp-10474,NaPF6,2,-2.346005901634688,1.0348395239752723,0.5876028890372675,-1.5461675012887748,1.4163612021226941,-0.18472931200816922
mp-37091,Sr(AlTe2)2,1,0.28613943969141103,-0.7632217353685469,0.1857774254737391,0.38431404658798834,0.11078886753613745,0.04924751463270193
mp-28650,CsBr2F,0,-0.3263918321492924,-0.4216474398485746,-0.35125410434717547,-0.3461075432518013,-0.3570873352478001,-0.026776231251919934
mp-7502,K2Sn2O3,0,-0.1141201387773564,-0.1286576568232386,-0.11754524282750187,0.2276823429247713,-0.6234008650684782,0.1299679788438393
mp-8622,Rb2PtSe2,0,0.5549269664736565,-0.4263394652885166,-0.9053038316446799,0.42266422658676384,0.006221443303532127,0.07050425453247867
mp-36248,H4BrN,2,-1.4423707582985794,1.0598968711530368,0.055411010940034804,-0.935370700088372,-0.16733188427873089,0.014582060757488708
mp-752753,SbO2F,0,0.07234583119855792,0.6714599484179461,-0.7991957441295694,0.7946861442566682,-0.32991191917277585,0.2453679444664922
mp-23737,KMgH3,2,-1.1396090705800863,0.7969435596679639,0.18664437817971632,-0.7808184640753241,-1.1683931251914927,0.07185310505894157
mp-19218,Sr3Fe2O5,0,0.16980891035642715,0.5445974673630449,-0.2560109109996536,1.1748609236260292,-0.666695920092083,0.2566732275260353
mp-4763,ZnSiP2,0,0.5149417785643425,-1.1524223559429816,-0.22845514372581655,-1.2261344447459446,-0.23744149266839126,-0.29480525612883807
mp-15988,Li2CuSb,0,1.8456700322211774,0.15012614770413146,-0.8513755443412224,-0.6639342257032834,-0.46207448744010976,-0.05941526206672964
mp-8290,BaSnF6,2,-1.3161072186949687,1.6299882717976082,-0.03222880395435195,0.418024395766951,1.0306885999820878,0.23068009300844175
mp-561317,Rb2NiF4,2,-1.341526168728319,1.1102428037528385,-0.10956833448451185,-0.12310707333568734,0.8254704903616443,0.1474162959368324
mp-8430,KLiS,2,-1.200159277645846,0.4131972452242606,0.5298456207796398,-0.6534203695199732,-0.5327661365685616,0.03909505669736466
mp-5858,CdPtF6,0,-0.017426587352352623,0.03397627479526736,-1.1654966134255602,0.2674155599491423,0.441371041060617,0.07463094405141588
mp-8017,AlCuTe2,0,0.9952477900793467,-1.6002394681579788,-0.45776097626619555,-0.34268698222924127,0.42621521941551915,-0.2098633749864596
mp-23475,Rb2PbCl6,1,-0.5170431487323919,-0.482458644751734,1.0297505774818085,1.187394676946323,-0.5282917352003602,0.3499459790161782
mp-510624,SrFeO3,0,4.5649814730199205,1.2013827383645457,0.5292321072783676,-1.596094564596495,-0.17897721373907272,0.12116766790128093
mp-28163,K2PdF4,2,-0.7449662476848053,0.2785283742997489,-0.10157430710857204,0.13028112872401026,-0.6998236362689056,0.22918049987359881
mp-15704,BeSiN2,2,-0.875596588244341,0.6276200847104767,-0.34554135814238485,-1.0283510639581468,0.0247360132486683,-0.10584616418002528
mp-3159,Al2CdSe4,0,0.04500494583146465,-0.7177653881038187,-0.19500455049478088,-0.2803201602865505,0.21226447158942835,-0.0964294286467565
mp-643257,K2H4Pd,2,-1.058453973207291,0.14414611190446705,0.26051003496301145,-0.5545769136888633,-0.5502410205057283,0.051518582526018486
mp-22947,K2ReCl6,1,-0.5533216704965384,-0.17763122757523053,0.9777244954022395,1.1191533026511955,-0.866277027141813,0.34903384985603586
mp-24205,SrHI,2,-0.7373340516566902,0.07592194183805938,-0.01710964993403089,-0.23484705379029172,0.6758574494780141,-0.010192858288348865
mp-760403,CaCd3O4,0,0.924544050289533,0.689337135078736,-1.0896097532944524,1.4858278849971973,-0.5217896851915493,0.24007988910339845
mp-7089,KMgSb,1,0.08335653414034529,-0.7192975877702517,0.3186960261783449,-0.3017409271211528,-0.5169093645764147,-0.03994915954719774
mp-8207,Zn(PtO2)3,0,2.8697331276744706,-0.657478522393554,-2.778275372332995,0.830439151214371,1.5603968474032746,0.02597347285978997
mp-10163,NaAlTe2,1,0.22999951008982797,-0.2717629131134114,0.49815134052402144,0.76246912762753,-0.22961337816082025,0.12608572287945397
mp-19292,Co(AsO3)2,0,-0.04892088087388354,0.7639461692011503,-0.8528579353187901,0.5302595541906848,-0.08429636879713548,0.1911625618137224
mp-28554,Ca2AsI,0,-0.09441153108732002,0.18250648680267806,-0.1561147207707967,-0.05316275210563974,-0.6039109945250518,0.06305840354980406
mp-7435,KCuSe,0,3.6488684368000577,-0.2562707338596622,0.845578520806876,-1.7673948422209365,-0.25941193559085,0.17931615826178857
mp-644225,Sr2MgH6,2,-0.7584182239167675,1.1470641602829106,0.32824706476019705,0.07734066606891692,-0.5614729796822505,0.0824608241300456
mp-9295,TaCu3Te4,0,1.3623656112559055,-1.7322565924451776,-1.2139348548657767,-0.12269227483567458,1.090000905834807,-0.27586737029521596
mp-24204,CaHI,2,-0.8172379034241425,0.1663425471318843,0.03645064029179798,-0.46059808030122373,0.4201635154356944,-0.03351635982346698
mp-867192,Sr2AsAu,0,2.4074777814194075,0.568612889879726,-0.5672639892370294,0.2715475819751012,0.029347646855433968,-0.03760500370095559
mp-22607,Zn(InSe2)2,0,0.6681716871142714,-0.9605259338235507,-0.46494910571028664,0.12457393847022662,0.09308772320750344,-0.03581116198949158
mp-570099,RbVBr3,1,-0.15444714766589268,-0.4989639174037983,1.1548458840854958,1.7950783912608417,-0.6459691556996436,0.3795786122630697
mp-8978,CsNbN2,0,0.33837131428308104,0.7520654155101079,0.41418989413746266,1.0179777426737149,-0.36631505223984223,0.003546231533332071
mp-6951,RbCdF3,2,-0.8294081157847866,1.6857711459619553,-0.21634885197539855,0.7420394547414526,-0.0734186361060714,0.24375055829280998
mp-34903,MgGeP2,1,0.27034503220575495,-1.1573640287365545,0.11450461291348388,-1.09198580033027,-0.2877824175908674,-0.25688206249307455
mp-38220,RbNO3,2,-1.2136988303170944,0.03672419449589319,0.5903764228464393,-0.14823122271872868,-0.184303027913916,0.1414044298437197
mp-9791,Tl3AsS3,0,0.8430229610331463,0.2276535256830448,-0.2686232585697469,1.3540578242705417,0.27382593348118817,0.14433797560609193
mp-4651,SrTiO3,0,0.42647620297356087,-0.8489072997080679,-1.0753512828981284,-0.8149304574532116,0.3551133898798883,-0.29295469953514663
mp-561078,Rb2CoF6,2,-0.5497199086020157,0.04203132843201637,0.08047641917101006,0.5621331558211702,-0.9054654385976384,0.3129573562915197
mp-27409,RbNiBr3,1,0.06767335175478283,-0.9376343580678967,0.6467184680360704,1.3405772007831,-0.4538364740236295,0.31137080317324134
mp-4555,Ca(AsO3)2,2,-0.7537924320579121,0.9936012309323006,-0.27849392183610655,0.15191837302531683,0.1864508350334908,0.15742521130940912
mp-867168,Sr2SbAu,0,2.3181357194213423,0.21048224940583124,-0.655617923999873,0.08531786299539551,0.208184803076476,0.0004937559455629764
mp-23024,SrBrF,2,-1.2531269584599014,1.2974481975905328,0.05014766758916437,0.08325553576416206,1.0758874680249673,0.13308082912054434
mp-4026,KCrS2,0,0.14834462080653404,-0.3017420121606413,-0.5121871704783485,-0.9748783499249399,-0.8711354962056016,-0.143651967967451
mp-5606,AlTlF4,2,1.177995502417407,4.023131404580761,1.2294084654310606,1.4272058321152896,0.5298219579096701,-2.3319284009957455
mp-8812,Rb2GeF6,2,-1.8961526339364994,1.1726782636980417,0.5649078113515211,-0.2673221975801824,1.3042225835760435,0.12931586683908086
mp-8799,RbNaS,2,-0.844723730829895,0.14323025056755942,0.4918977641495837,-0.010796308442790208,-0.5477803324720203,0.1459219931177343
mp-5928,Al2CdS4,2,-0.5899906122343761,-0.3404323081419335,0.1589563791606657,-0.7226809418572361,-0.015526381874118176,-0.1174942962787762
mp-5339,CsNaTe,1,-0.38246126279800285,-0.5558392334942591,0.5293127811459616,0.46241745402578693,0.002383218550365643,0.13718357448871063
mp-29208,Ca(MgBi)2,0,1.6568161209580108,-0.5070508049428635,-0.5064897034811126,-0.1024947921478893,-0.13739193088625928,-0.014896253784227934
mp-7437,KZnP,0,0.26423932594525756,-0.6984410758973015,-0.016830722083311555,-0.6295341952042269,-0.8447654818442932,-0.09217347316454805
mp-5962,NaMgAs,0,0.08957480280615722,0.0893970828342377,0.30204172880176555,-0.11418671896373728,-1.1085584489946043,0.02830518240991345
mp-18966,FeAgO2,0,0.7410300391948227,0.13331878054204696,-1.2670582072989567,0.4399307821470819,0.07624679084629127,0.08458266059751138
mp-18814,MnCO3,2,-1.0393245038649375,0.9032440144353102,-0.04317471409459897,-0.17741253210834496,0.006356564902668987,0.13081372691528484
mp-16236,KAgSe,0,0.4829858605084891,0.09221271296237668,-0.15903354092741284,0.7911268677770765,-0.7663921350015217,0.1594772404030579
mp-28591,Na4HgP2,1,0.022155013934589005,-0.8133885601623848,0.1394719131089174,-0.19614881687942645,-0.7459586770452081,-0.005513121764749284
mp-5077,NaLi2Sb,0,0.3710387824626954,0.14198151734514355,-0.34184842725793146,-0.48076872112619135,-1.1950029665674367,-0.02007323716575083
mp-28627,K4Br2O,1,-0.7330859450865653,-0.03808969296198778,1.008053621920694,0.8634256325613906,-1.2371645151992459,0.3486381443857726
mp-10086,YSF,0,0.1247961781223594,0.7890821990775414,-0.46581703509327765,0.5626106838286455,-0.6507958891860546,0.14616929890947183
mp-8276,Sr(ZnP)2,0,0.7857982867182515,0.05860872198322543,-0.5119233377974405,-0.19742436657214557,-0.6135470289906951,-0.016148100342237633
mp-21855,VCu3Se4,0,0.9689003386912262,-1.6352893299241904,-0.9125385877854223,-0.6169369531685447,0.24540690426956696,-0.3097912178951859
mp-3970,K2TiF6,2,-1.7264777980937906,1.3905130547705062,0.6946722109998624,-0.06475868697098174,0.29746714654077455,0.19332329159231218
mp-7421,KZnAs,0,2.690359552696994,-0.658536542798898,0.6420231154580722,-1.5168277353960433,-0.40565220250999423,0.02886523547985241
mp-19147,NiCO3,2,-0.7081681154803053,0.5059276106000709,-0.5781232769803846,-0.4941299682940686,0.34198633079356566,-0.01700643415556489
mp-8217,Cs2GeF6,2,-1.8084809172407872,0.9658454234560576,0.6016824220418142,-0.14262166771615045,1.555591363107997,0.1177255637253995
mp-3668,CdGeP2,0,1.1696422618037536,-1.2925404172980564,-0.3289814177217856,-0.658506082113025,-0.10136851970688388,-0.16879019983745555
mp-29149,Li4NCl,2,-0.8833905468824438,0.5015684699950991,0.18477818579324612,-0.6921821036665669,-1.4228693403335098,0.06993673679068836
mp-2894,ScSnAu,0,2.939181601744065,-0.6111366577310219,-2.337718510219212,-0.31292450256769777,0.8203936917085684,-0.04594820992155269
mp-20042,TlInS2,0,1.5324925486370813,1.0460114165945933,0.2606643054393575,1.9725944229982397,-0.283123927876316,-0.2811005455589168
mp-19299,CrBO3,2,-0.3052360403161098,0.1867343804426479,-0.6408644174320746,-0.488193158837661,-0.17390584696285424,-0.03162973135314457
mp-5380,Ca4P2O,2,-0.03567464582842961,0.9428681941862559,0.9830691264126459,0.4599079369788698,-1.2905619524252439,-0.12867573082095765
mp-7824,K2ReF6,2,-0.547521851805079,0.5806853656817824,-0.17834628409633524,0.8610182337783113,-0.5398531957201179,0.3724850432865978
mp-33985,Ba(InTe2)2,1,0.7725631629282366,-1.153623742622564,0.07766088461731761,0.7243542820536962,0.27976673585312606,0.07032618511820547
mp-19378,CrAgO2,0,0.721627441548164,-0.008362190636926599,-1.798553297341761,-0.3788595554030325,0.32194510317062075,-0.12246853675373054
mp-644203,CsCaH3,2,-1.0651260779528777,0.8571325900912791,0.08323213205954554,-0.3465913471629008,-0.35434813893394657,0.11027778321420043
mp-9125,Ca(SbO3)2,2,-0.4357407864340844,0.6935733645337648,-0.4947695453846204,0.46024318089142147,0.2066670607302693,0.19972975349144081
mp-5860,K2HgO2,2,-0.3801478644839553,0.3068189079480223,-0.6391682236740408,0.16633627984090352,-0.17472393249502538,0.15443370737912399
mp-19384,Ni(AsO3)2,0,-0.10722685891274775,0.7349014066043642,-0.9154948857882498,0.4250202064058507,0.08644978612170397,0.17129056953448274
mp-7752,Sr3SbN,0,1.218231604053746,0.8446366086448586,0.25150293800252366,0.887643858565047,-0.9884062255077186,-0.1538696497036291
mp-7562,TaTl3S4,0,0.24179322073052845,0.4366653355996407,0.10636523392727387,1.4991632146916312,0.8926130613490495,0.17065513816263536
mp-5955,NaSbF6,2,-1.6304980347367366,0.40949836829415076,0.3504263885527032,-0.8426693107120331,0.725734193866475,-0.054926054457331286
mp-22978,Rb2MnCl4,1,-0.6839302443965852,0.09631885804059984,0.7575525568632622,0.8127260056491094,-0.9815931223558858,0.3277042159156359
mp-27833,Tl2TeCl6,1,-0.14410435140238984,-1.5158528600613992,0.14483770408235852,-0.17246555438486652,0.9400392025969723,-0.21567535578543026
mp-555403,K3WF6,1,-0.5193562437285443,-1.170923894114089,-0.15930344866146853,-0.8106191710169508,0.37932471776969434,-0.3085108101783507
mp-27361,Nb(SeCl)2,1,0.3394378815320448,-1.9255096822778042,0.061747849465433866,-0.2163132703480089,0.08732942155751929,-0.20984093592532355
mp-8212,Cd(PtO2)3,0,3.0846876463002566,-0.8291846533972894,-2.8190870713313574,0.7189821549257878,1.6707295567313338,0.008538409529974143
mp-8579,Ba(AgS)2,0,0.649161666363485,0.5127719200215463,-0.6420213922374788,0.8474661828740574,-0.3984436376702544,0.13865012213042485
mp-10550,SrMg2N2,2,-0.16135079325868226,1.0002701401378518,-0.2374717239878072,0.07531133682621077,-0.8757165335565039,0.06850505469866623
mp-9384,CsAu3S2,0,0.11422507394964011,0.48395812285513673,-0.37328348972085046,1.412544151956984,0.7302513482968533,0.2615587992825072
mp-7041,CaHgO2,0,0.16748791082919126,0.44486133505845754,-1.4995815712287768,0.2336903438623903,0.3618783487696205,0.08539903101201352
mp-8756,KLiSe,2,-0.8046909549585634,0.12836087638471427,0.2919197375969765,-0.33928363258764427,-0.4173203844416787,0.05608941134680395
mp-556953,RbPS3,1,-0.7900011048295968,-0.9723728679238244,1.3621695865277932,0.3955840199780167,-0.3819498629266641,0.163184815181379
mp-9244,LiBC,0,0.34692810503604865,-0.09822076574798703,-0.28539483147427464,-1.5046847291335645,-1.4027715801761789,-0.18902707195661428
mp-614013,CsSnI3,0,4.033859663657436,3.6084718585674356,3.8072778879934264,2.4273312431352574,-1.20178900051506,-4.399785063871216
mp-9126,Sr(SbO3)2,2,-0.43183285323611337,0.659134161461583,-0.4892229434316287,0.5537425556115065,0.3424657108444812,0.21274800911783265
mp-10418,RbSbO2,2,-0.48850308623262567,0.36056746855847566,0.06466714364764263,0.7105412295675541,-0.05904629002551097,0.25086490710930265
mp-27891,Bi2SO2,3,7.524779850592276,6.109507095210674,3.7190998381244014,3.5374033513181757,0.13485240352168903,-7.183061227033831
mp-3098,AlCuO2,0,0.14222746648272597,0.12707452982349282,-1.0550938370320964,-0.25213305001508524,-0.08866603434402019,-0.01777676960970394
mp-7027,InBO3,2,-0.3544399708453798,0.802351611844132,-0.6792949902168032,0.4743826024947728,0.21775835316346,0.19968727827836366
mp-33588,Ca2NF,2,-0.5087880405944123,0.8709131706939779,0.382916612839697,0.3665480639711056,-1.0442726577978527,0.1315759491003077
mp-8278,Ba(MgP)2,0,0.14913021498061,-0.016441313290608578,0.0021263913330821864,-0.31252330518906035,-0.8687628216092591,-0.0034924001786787403
mp-569779,ScSbPd,0,2.231583048157642,-0.4635107254579827,-1.8190604777510524,-0.5374135887615513,0.22841750302579034,-0.08862596939736649
mp-34293,CsTaN2,0,0.3523514756479982,0.5092112673204667,-0.5175754597944385,1.151202705213468,0.6080807595745366,0.17986081938792609
mp-7938,KNbS2,0,0.8348928715161079,-1.3640486951148356,-0.4637466664114553,-0.9500089644183894,-0.22864877031570038,-0.26556459909986957
mp-36111,LiMgP,2,-0.3606040950154916,0.11731282119974643,-0.17195542454249416,-1.2897597402028875,-1.2827200029360215,-0.13416411109696283
mp-9820,CsAsF6,2,-1.6117123678638083,0.8472083501855595,0.24926611317996444,-0.42796490644356633,1.0067038848111904,0.06773240251663307
mp-866818,Ca2SnS4,1,-0.09552138722503675,-0.8061219541586088,0.11046623508202882,-0.3375824072425199,-0.7051742347003283,-0.035582156730875406
mp-27362,Nb(SCl)2,1,-0.07695928324187476,-1.7652436330272316,0.27825072794625927,-0.6693817190993963,-0.04418991248166274,-0.2810128271033566
mp-9911,K3SbS4,1,-0.8146583110432889,-0.3636160037665761,0.997694491932653,0.22411475893805152,-0.43365442015062083,0.15578071930615905
mp-5878,KZnF3,2,-1.2060417684064573,1.5634241987269488,-0.1962740515141562,0.07307664495745873,-0.08118310568108678,0.2318898211397519
mp-13984,CdPdF6,0,-0.12474408455014964,-0.10768178323639922,-0.827159646600253,-0.03774286884595909,-0.11586802119501083,0.041197360538228665
mp-768368,K4I2O,1,-0.6185330454982227,-0.5928925840622419,0.8361098766513412,0.597023526100421,-0.733480317157525,0.25769675098737393
mp-3595,ZnSiAs2,0,1.1719878180014192,-1.356991754607945,-0.45062117273231983,-0.8549873302017555,0.07916007872467272,-0.22893398518556482
mp-505297,NbSbRu,0,2.9742740928606217,0.82949119503604,-1.71523190214107,0.6049332727618898,0.5587520827126795,0.03478678971319011
mp-7848,AlPO4,2,-1.8973950138981526,0.6878169426635573,0.26059492133890944,-1.6584692528065184,0.7412173417188396,-0.23679611829845462
mp-557158,CrMoF6,2,-0.6193192885962637,0.07673335291767802,-0.49972022338824995,-0.412642315528029,-0.05988264467080607,-0.0012511176115311416
mp-569066,Cs2PdI6,1,0.5470050545723075,-1.935541514678301,1.091219643881176,1.535967554424122,0.06760340487729069,0.22493618084573214
mp-7771,Sr(CdAs)2,3,10.665650746380187,2.8282689925877524,3.9306555670653998,-3.6087463033633123,0.954001384246954,1.5062651671467102
mp-27849,TiBrN,0,0.9679779151266367,1.5568022794674845,0.6623754898162089,0.981991746836921,-1.3442735298712678,-0.5020294750589291
mp-28599,Na4Br2O,2,-0.8510493621576619,0.42446064869964045,0.42234721530801744,0.2855546857081167,-0.8075991265576615,0.245083200166985
mp-27828,Cs2TiCl6,1,-0.870655584582798,-0.4553332996028271,1.2215915491369689,0.7709873922145056,-0.14980123276656138,0.2711499901182244
mp-12954,CuBS2,0,0.4269621261628112,-0.9274250832801554,-0.8040710120559121,-1.2726959405528036,0.03627167220899128,-0.3526277177716906
mp-570223,CsGeBr3,0,0.34397364795604346,-0.6982427136911558,-0.26199738701159986,0.07973708413096665,-0.49463168557286646,0.026858242375428373
mp-3395,SrSeO3,2,-0.6567193606103449,1.811712514000903,0.6968602525698542,1.0201148817121677,0.27143856257613574,-0.11605086499068648
mp-28237,RbLiBr2,2,-1.4566991980809003,0.6909312228878369,1.415958300524139,0.6929936568262178,0.6088178321325096,0.22279942928685106
mp-29342,Ca3PCl3,2,-0.7195163022610425,-0.09514226518190932,0.6947324151247782,-0.06609168246596463,-0.8110989726453919,0.1157715883183729
mp-9899,BaAgP,0,2.7470982693916484,0.01652097858122729,0.05621067307618501,-0.10563591921171205,-0.11670914428560358,0.010607492605722435
mp-23406,Cs2PtCl6,1,-0.6200996459087851,-0.7069202888624287,0.8731688247919457,0.849182423241585,0.13517671248886196,0.24609252792999214
mp-27830,Cs2SeCl6,1,-0.961024761167379,-0.49099069884877894,1.2644859593774012,0.6343079147493969,0.18422434218203856,0.22122804739795807
mp-14069,CsAlO2,2,-1.0298375683644736,1.5200410577852794,0.17514764392451887,0.5548502800273053,0.6444166635536597,0.16432784863384922
mp-676284,YAgSe2,0,1.0570060250341347,0.033288606115680575,-0.2246611169591934,1.2634072673083934,-0.21290719880830256,0.13685680745864062
mp-28439,KSc2F7,2,-1.9176340332106656,1.3643203774470831,0.68426632685265,-0.38660458418621757,0.8908383952695186,0.115146733403244
mp-5328,CdPS3,1,-0.3508879063206026,-0.7109720360141254,0.7238611963537588,0.21598373146049485,-0.2444497637847465,0.08073035966136519
mp-7650,RbScO2,2,-0.6693230698043475,1.607655687800643,0.16056641264079374,0.6414576922930483,0.14778481090126358,0.0676504373200372
mp-556424,RbVF3,2,-0.7212140741047312,0.7749532391231045,-0.6105830233114384,0.035943655182195694,-0.35954773706278187,0.2085456443519487
mp-4497,Si2N2O,2,-1.4650984103140532,0.5433371438094682,0.23449455298898098,-1.1633327587277997,0.6673948281690455,-0.14822964368644473
mp-8453,RbNaO,2,-0.5936790207386929,1.0878099124382101,0.09063595808567801,0.5740041895784213,-0.7827179424278162,0.20959713942474234
mp-34418,AgPF6,2,-1.1990306665305812,0.32103273367919494,0.14082174491389354,-0.3333406076659897,-0.09358059506198961,0.1104740871485295
mp-19167,Rb2NiO2,2,-0.8324684581764357,0.5497145926979629,-0.17329539515168757,-0.06139361310123864,-0.1855440013090344,0.1511509311020892
mp-558749,RbMnF3,2,-0.9327169295597264,1.258404019317771,-0.35899557928624404,0.2754939048237384,-0.2708397606908282,0.27500279696599317
mp-9636,CsSbF6,2,-1.5272651447689212,0.802893805235371,0.2342741782084981,-0.2505071032674385,1.0506211369266183,0.098866068389302
mp-23074,BiOF,0,0.5225080320875318,1.5603383149638468,-1.754821469130947,1.5988325036155515,1.5021973998116,0.23825425008086554
mp-5238,GaCuS2,0,0.7231286481760766,-1.055830743891629,-0.6002764821018087,-0.5636392367866779,-0.3319928215381398,-0.16349788458557102
mp-23499,K2SnCl6,2,-1.0547170071572531,0.4061519819739565,1.5607426744592514,1.0162909142962249,-0.48780939470772844,0.2442194842674805
mp-11019,GaCuO2,0,0.6771624327343931,-0.02906082228182276,-1.4180880945490784,0.3590448652149729,-0.20794641445023526,0.08807677277865689
mp-27724,BPS4,1,-0.7244444282354521,-1.2601229584342248,0.3102173799136254,-1.512955916416484,-0.4254973385987788,-0.3957180235622703
mp-866062,HfSiRu2,0,6.06309895064724,2.022827549386871,-1.2242075622530055,0.7020839211344643,1.5585163023636952,0.04285799680727937
mp-866141,TiFe2Si,0,3.814222852080871,1.6350955556452742,-0.2562300193441675,-0.279917960292597,-0.07748864551928267,-0.19445112679716436
mp-28110,Rb2PtI6,1,0.3562036894635734,-1.5779028898826117,0.907804613529386,1.6476798189717994,0.14111672898300734,0.27929662212215683
mp-4255,Ba(CuS)2,0,1.121914371202896,0.8610034142995159,-0.5883721353311471,0.7968367433493422,-0.6549171409760497,0.006333917313170208
mp-30250,YAgO2,0,-0.061361391246916586,0.4511687372153567,-0.6379480975500228,0.5059608083443236,0.3744401754549976,0.14385860792761018
mp-558761,MnSnF6,2,-0.763587824646604,0.3765115168173661,-0.27355416535835586,0.0822946251589473,-0.2817672460755937,0.19312865585266584
mp-9479,Mg(AlSe2)2,1,0.09047424041055398,-0.9872678098282353,-0.1559028120201813,-0.3196686877730009,-0.45752428315252,-0.0817971678286173
mp-555911,TlAsF6,2,-1.224758274308178,1.5802977405802545,0.020076656500402353,0.5774376091497714,0.8769908748276884,0.24984696445855661
mp-7643,K2AgSb,1,0.16318450540397378,-1.171174251138345,0.7093539480480098,0.30913873817576554,-0.1396518158780241,0.03620172754498282
mp-12442,KAuF6,2,-0.5456893280364895,0.35497397308952505,-0.3966080542877029,0.38332239222728626,-0.23393496438388123,0.23884475247488415
mp-9517,SrTiN2,0,0.659945441680209,0.9657924568828452,-0.022378191566856106,0.7955323729587063,-0.8932522164542596,-0.03819524663577325
mp-8613,MnPS3,1,0.05207248658042101,-1.1568723542391457,0.538835306470137,0.08980370156234331,-1.146898472079259,0.06727360769072871
mp-558864,CrHgF6,0,-0.09629023708813232,0.46080539244834356,-0.7454894402764518,0.7459546420455919,-0.3626879665285576,0.28071961992802835
mp-10165,KAlTe2,1,0.0139390596857197,-1.1113352162928798,0.451096242660354,0.19701409304210898,0.18785473855453927,-0.0030080046218885588
mp-7928,K2PtS2,0,0.1300503107824021,-0.1509285084468172,-0.6239708476829123,0.035298608624060444,-0.42741096260628203,0.05803683098009716
mp-8407,Li3LaP2,0,0.7336128670049379,0.7222212493267216,0.25606531316963654,0.08543113196892509,-1.2509244353910411,-0.0954358665389374
mp-541899,CsCdBr3,1,-0.672014460855982,0.014900042198662894,1.7188049267257197,1.8919178357879018,0.6473628568880617,0.26623275345132097
mp-5033,Tl2SiF6,2,-1.0702709587217156,1.7722666504961262,0.13636434905588612,1.0184144897235448,1.3044076101004614,0.19994022852325857
mp-3748,AlCuO2,0,0.14540841985960792,0.3605182857206299,-1.318898870505331,-0.432930680790467,-0.2264121988650958,-0.034983422583312336
mp-9571,Ca(ZnAs)2,0,1.3217917540586794,0.003969463924414477,-0.5893443339497171,-0.11203949376145052,-0.5829008297352811,-0.013608567355532059
mp-7100,LaOF,2,-0.7687708739971051,1.8844770381616067,-0.4542654820036603,0.6703662400020032,1.0741698631579184,0.14511336232092972
mp-7908,Al2ZnTe4,0,0.5087073100978344,-1.2211470317516264,-0.2043854510074534,-0.267042190502526,0.43425608661814674,-0.15769926095532047
mp-27635,Rb2SnI6,1,0.2371903265648575,-1.0279610589515424,1.725613363902585,2.369298804103753,-0.4377402686060374,0.3379362691870422
mp-5479,RbAlF4,2,-2.178201053036565,2.0408581740671607,0.27331982659569126,-0.6260566298074093,1.3861412538969058,0.09669683851217721
mp-752927,LiAgF2,2,-0.10054151534087234,1.2603037987772194,-0.6538447666543374,1.1151738740160886,-0.42007066659700776,0.271699280658985
mp-9566,Sr(MgSb)2,0,0.5958186955979341,-0.459908191426595,-0.20308093568714322,-0.2583497457343266,-0.4402288372944807,-0.039655692471610986
mp-9846,RbCaSb,1,-0.1651145008352266,-0.7016793137998297,0.7187297511627475,0.28095965527146716,-0.3219020906371692,0.08143255848184872
mp-8176,RbTlO2,0,0.8569217590510402,0.8918979976558871,-1.7367518302478573,1.3489833762855574,0.003498847654464976,0.2735843408445391
mp-8348,TlSbF6,2,-1.1048657586934576,1.5323665689430586,0.07584334557379334,0.7983219680563707,0.7811420183743887,0.2650375229269363
mp-4175,ZnSnP2,0,1.1249728983145555,-1.3224299749594355,-0.32848537752516155,-0.6861956215840496,-0.08345150564795026,-0.1818131654368877
mp-7173,ScSbPt,0,2.7378232960615514,-0.35045696332504217,-2.5088086683649626,-0.07043366560126092,1.1537233475522943,-0.04611732976453431
mp-3163,BaSnO3,0,0.8920625740993654,1.1743440157750122,-1.277364047095219,1.5492329291401825,-0.5656019976238931,0.20472765659032605
mp-27546,CaClF,2,-1.8397988692051965,1.7748195262059887,0.5687798634331425,-0.4589518053683634,0.6877353651689214,0.0674274693575254
mp-10616,BaLiAs,0,0.7636382892545805,0.6940073085525265,-0.38220661493337105,0.21283154912135246,-1.0053955568367998,0.0002818036369636345
mp-27369,RbGeCl3,1,-1.4064765095164538,-0.33956489678583857,1.8103684459858114,0.6084823961533655,0.5541157987821923,0.22627062232884992
mp-8716,K2MnSe2,1,-0.26352802973031475,-1.2016971649421428,1.0533118510669834,0.713987473842636,-0.4521569862037697,0.18170145155227005
mp-505825,Cs2PtC2,0,0.37683880241504514,-0.010718606045366948,-0.5940078435347362,0.5385728023421306,-0.10576478401789412,0.12546898074850266
mp-23054,NaBiO3,0,0.3914492720677745,0.055441750674349845,-0.8974249059179924,0.9995118837954687,-0.0038353060580429282,0.2402439564162492
mp-27304,K2MnCl6,1,-0.6303197743762182,-0.4778356784127782,0.9643693702645478,0.5115572869661683,-1.00448822779459,0.2461800991802932
mp-570008,Sr3BiN,0,2.1324018103959874,0.7714219490100804,0.1784298431136488,0.6285383786122745,-0.4941746215736164,-0.18102579235867539
mp-5431,BaTeO3,2,-0.32510621851705407,0.9961239689561194,0.2597994059105135,1.3587099661658963,0.32498389850732273,0.1939027507697505
mp-11023,ScAuO2,0,0.92978305874325,0.5266421465588818,-1.587138706675053,1.0818735759242881,0.8487665858705582,0.16146982491399378
mp-9008,RbTeAu,0,0.5553162098963009,-0.7818590624024064,-0.39047506499148166,0.8640702471686122,0.3443468471922389,0.12442552791849854
mp-7922,CaPdF6,2,-0.630525658435826,0.062091783305450024,-0.30406433623954887,-0.21143215296359044,-0.42358160174509735,0.08653604602070725
mp-29584,K4BeAs2,1,-0.38299744432735316,-1.0518965343864182,0.8666550333588146,-0.0222089018769321,-0.9600211367826129,0.06492946672106623
mp-4961,Na2HgO2,0,0.1041399661303547,0.2787061726207953,-1.3123078962501122,0.25175596700214753,-0.03625913972494551,0.1183949563768262
mp-28698,Na4IrO4,0,0.1505289838125675,-0.035148502908763354,-0.6826534264643435,0.592178153524086,-0.8898748986932484,0.23579638433788114
mp-19409,Mn(AsO3)2,0,-0.11465296229798425,0.7335852192823565,-0.6996724227665263,0.5865399874995096,-0.3412008367261959,0.22293095400990667
mp-10644,TaTl3Se4,0,0.5808958861750763,0.23880052431727583,0.011473382888333914,1.7483215410770117,1.0875559202710212,0.17660693370647923
mp-9386,CsAu3Se2,0,0.37113645243644455,0.0909249765445166,-0.6667519213607366,1.326621015807536,0.9654841644813619,0.2306397913291651
mp-10322,BaHfN2,0,1.144348766983395,1.1733992688035308,-0.8422841788687243,1.9561120256768103,0.3852105125033401,0.06381066726821283
mp-31454,TaSbRu,0,3.168612861084142,0.8194591795686126,-2.715498884258883,1.3269661182054944,1.4966838695684095,0.12339421944904656
mp-4081,TaCu3Se4,0,0.9355954092812684,-1.6106784561391778,-1.2204334621118578,-0.5337283291556295,0.9815896079494465,-0.3831511679947324
mp-29025,Li5Br2N,2,-0.7987688291359109,0.09760377750900498,0.29370190487309933,-0.33588977286413396,-0.7692324736346348,0.08505311114806037
mp-23048,CsMnBr3,1,-0.3484227975859125,-0.6501192295022143,1.3011164585628754,1.7471370199830512,-0.13607831660191008,0.3865975833453626
mp-7434,NaCuTe,0,0.8743862097025712,-0.38581871959318387,-0.7323336842966846,0.10395073864983978,-0.3197963680602209,0.015438491646328064
mp-9631,AlAgO2,0,0.49872321703744027,0.15597722838549605,-1.3294485126933195,0.28261046948359775,0.07163103565184183,0.07155438036087572
mp-776230,LiFeF4,2,-1.1354030003480275,1.2759636629091424,-0.17889144880313118,-0.0942322812784462,-0.4368663445367359,0.2179119950682465
mp-29763,RbMnBr3,1,-0.2833539176194528,-0.09608772809700852,1.496410593880814,1.9294981973966137,-0.456983471334495,0.27062731258337236
mp-7738,LaSeF,0,0.4178082398043289,0.9646183902760278,-0.590282094700617,1.1339193714857585,0.06399969671570256,0.14034274373041805
mp-9672,K2NiP2,1,0.2399412173772511,-1.2818848699591605,0.7342956297069279,-0.21358073838289116,-0.7389594227891716,-0.039103669713730305
mp-28944,BiTeCl,0,0.4538077193643543,0.17312564488879495,0.21217423234897992,1.2241806424309472,0.1401104957063701,0.13763017068352879
mp-30847,TiSnPt,0,2.9365037742535787,0.12950815034239244,-2.5398520197983765,0.33285279224399184,1.3424126061104555,0.04346805232065392
mp-20329,InAgO2,0,1.024881411106886,-0.48785186535878133,-1.61602120858178,0.699268922075965,-0.031892653195498485,0.10147143963507699
mp-10402,TiTl2F6,2,-0.04841071110516734,2.3355332289537065,0.43363507721284217,1.615308887296394,0.7951226866129408,-0.4618315736777922
mp-12558,LiMgAs,0,0.0397184509906009,0.03774286875126429,-0.49263219874080716,-1.038487857860755,-0.9601802095189882,-0.12456704818001768
mp-7430,Ca(CdSb)2,0,3.5851390414436466,0.10142025968979443,0.2695694784619042,-0.7176202688052642,0.035473670279064895,0.10132022481474225
mp-6973,CsNaS,2,-0.7036025007525546,0.10563859486678627,0.406220805263569,0.19487750229522258,-0.23314143962850278,0.15293241916964997
mp-9010,RbAuS,0,-0.11376940192873648,0.2679316319922012,-0.14033862993002963,1.0620353427460472,0.19130054257505405,0.25991062943305565
mp-7472,RbAuO2,0,0.28011925609835,-0.8238639172220628,-0.8496658489721163,0.32175525512352954,0.37161162891184607,-0.007230812051324352
mp-560008,PNF2,2,-1.7483509398907835,0.1978681121531325,0.2874622420434908,-1.7938876062663618,0.9699244133419229,-0.3669199751055964
mp-13949,Cd(GaTe2)2,0,0.9551431709691729,-1.3331401465711428,-0.31041324935376324,0.06914066226146755,0.4313649590324146,-0.0893285835717103
mp-30993,LaIO,2,-0.38762702260817844,0.7167157085732049,-0.21557351510497128,0.7170720842090995,0.771287926876797,0.17573455985194056
mp-27419,LiBiF6,2,-0.5734862787392434,0.5953568723144528,-0.60374896717262,0.3564026001308662,0.032573943092784816,0.23021763545309132
mp-557519,CaCrF6,2,-0.826598764050512,0.1802089017706859,0.06664360689737538,-0.078449837100308,-0.9846647592390046,0.19871823068108443
mp-7940,KNbSe2,0,1.2182910036446202,-1.4618896395635212,-0.6832274842595643,-0.523373389690662,0.1888521711877506,-0.20908722406575173
mp-37906,LiMgN,2,-0.6969353675436688,0.7204457147046519,-0.33862645003521363,-1.0245980250219655,-1.0082254575884948,-0.04026758635662789
mp-8001,LiAlO2,2,-1.8738537639398622,2.3609800668184904,0.06712874300455307,-0.7434944810992811,0.7521754830695182,0.01863816746153255
mp-8393,Tl3SbS3,0,0.7904416674270744,0.17158067238800132,-0.2666604105213562,1.2650946254059936,0.5473899523677518,0.13453400544242533
mp-10182,LiZnP,0,0.3758586015075407,0.22648135645989884,-0.6827071914643181,-0.9368226322493376,-0.7889109696404126,-0.1151736175855093
mp-11917,Mg(BeN)2,2,-1.136382626946031,1.4139660036805943,-0.18284222036801967,-0.8757465551322435,-0.06652564679534018,-0.024766213900241904
mp-5175,NaInO2,0,-0.09018579331541487,1.0126472168729241,-1.145879708834831,0.4225689392493899,-0.26637909611372057,0.20762040642660973
mp-6920,KNO3,2,-1.297183772849836,0.5405228026837384,0.04166899609096275,-0.8516589527122704,-0.7023055490491973,0.0489638139724366
mp-35311,ZnCrF6,2,-0.5087669120617919,0.40599948834278476,-0.34905595479165424,0.16342834620126045,-0.8213059526338783,0.21762554056602584
mp-557373,Cu2WS4,0,0.5248075102918659,-1.5386527627159423,-0.9371657974621647,-1.0540580884137691,0.3600201074631471,-0.44648392568015083
mp-25005,MnSnO3,0,0.3632374277616433,0.41801460397412593,-0.8647942286129935,1.0640377575536715,-0.36258697797756556,0.27123635688029896
mp-28473,CClF3,2,-1.9015091101424684,-0.45034887671194523,0.6228943643118898,-2.32323730162517,1.7166875325965179,-0.6640702602925062
mp-12908,ScAgSe2,0,1.2605165611878633,0.763868112372743,-0.7437750136629273,0.5437170306183831,-0.44511067827108675,0.0016979094573957548
mp-28302,K4CdP2,1,-0.3044207067863543,-1.2682902248493988,0.8921666750494861,-0.08617927018292422,-0.8993924352781221,0.024032834373267097
mp-866132,Na2TlSb,3,5.919157160678968,4.358092677551587,2.952747363473682,0.9775220375794375,-0.8019398040471974,-3.304498049590699
mp-559161,CrCdF6,2,-0.47813055377943425,0.2971650957714076,-0.4007058886534199,0.2279205215479696,-0.6139971750659664,0.21503771455685297
mp-570172,HgIBr,1,-0.3264477071856161,-0.10094333386166805,0.39264862833946296,1.2388690448562856,0.5030127586031281,0.28794745457831694
mp-13903,ZnSnF6,2,-1.0322089813247546,0.8542228961432474,-0.28733995982403937,0.011918957782058098,0.39302097768893174,0.17264059356836636
mp-37153,AgAsF6,2,-0.5590310328710495,-0.39243324952449093,-0.17504787091011134,-0.21907142187237363,-0.5541824157768779,0.05121453888223507
mp-865101,NaLi2Bi,0,1.4807530281560788,-0.02009269745949067,-0.6568392260711181,-0.4802566052842612,-0.6674827871770886,-0.049877125599378465
mp-22937,Na4I2O,2,-0.6690469706457801,0.009946381247493105,0.2593881962493714,0.14466559151136954,-0.3187201784712197,0.15237309540132285
mp-3772,Cd(GaSe2)2,0,0.5034869149891448,-0.8281275660357644,-0.44603944548836,-0.00023156999445233576,0.1743501448696497,-0.055122970401093985
mp-10748,TaCu3S4,0,0.4960981675444745,-1.5139387892512168,-0.919283380062277,-1.000688534471468,0.6627774879425179,-0.4535944392585537
mp-27418,KAuO2,0,0.48438978676078626,0.44360587032769655,-1.6248830089645072,0.6660843207951023,-0.1263654916894474,0.1989505209225111
mp-9657,LiAsO3,2,-0.8122513907105343,1.1355511647909564,-0.24751183785028316,0.13533445436973318,0.14949402388199032,0.1574559651356597
mp-760375,Li3VS4,1,-0.6834711893858167,-1.4350274558636673,0.5576653931565835,-1.1677656913565233,-0.5429734407255391,-0.3047647884952618
mp-32403,Ni(HO)2,2,-0.7132327081454716,0.6289596874329949,-0.8808610381990394,-0.870387590073769,-0.04216720124497597,-0.071367045510821
mp-4608,KPF6,2,-2.4054541158459646,1.7220333976285758,0.6433600929996928,-0.9215373941796257,1.3105616810018568,0.048093805359576254
mp-13983,ZnPdF6,0,-0.03849072374981122,-0.11009518339105052,-0.8592729236984659,-0.1731255924385464,-0.27645047578471676,0.012287540671957508
mp-20282,CsPbF3,2,-0.5027321846096529,1.1066498019892639,0.47961502939822775,1.6908918729471185,0.7853941080126157,0.2120542001383766
mp-7921,MgPdF6,0,-0.35070563558512813,-0.07533878267534151,-0.671297088673686,-0.3385624885190837,-0.39381563980553147,0.00944369259856317
mp-11739,KLaTe2,0,0.04117542146884182,0.07483913289645239,-0.2028479190290323,0.3250215061622261,-0.17382680476484502,0.10256203025115711
mp-5513,Tl3VS4,0,0.41414707863601696,0.4399171762034083,0.20596469892267433,1.3626823822143892,0.4125381153420548,0.11418756609005364
mp-28553,Ca2IN,2,-0.34468343994910017,0.3566026385710066,0.3596844677123964,0.4345743017178036,-0.08760099142483808,0.1191106544200813
mp-10401,Tl2SnF6,2,-0.09146114463838222,2.411817721323019,0.3860544572075431,1.714990636710047,1.1424717335424766,-0.45693192184106957
mp-5038,CsGaS2,1,-0.9256395278054933,-0.06651140654750792,1.0273076693439724,0.5488753387719243,0.265209620961359,0.19518582731082842
mp-31149,Ca3BiN,0,1.4584407427348645,0.5235546228741149,-0.09075649768640522,0.2519645418053664,-0.7592949184811171,-0.06834534375559022
mp-2964,NaNO2,2,-1.1619560776066893,0.6290532277043802,-0.15329969258345638,-0.8101367434535515,-1.0569683880665843,0.08454016803108032
mp-29521,RbBiO2,0,-0.07661863687621895,0.4850530499022957,-0.38898568488843094,1.2183332991806317,0.41220620878519154,0.28906169573599555
mp-23818,BaLiH3,2,-0.4375154300164204,1.110962518908063,-0.3371360886269199,-0.004478366372769759,-0.66018486741393,0.1040846775485609
mp-4266,KAsF6,2,-1.7519580822326126,1.268564752117268,0.38292775608577395,-0.3191378434804749,0.500307792107951,0.17138653130874826
mp-3654,RbCaF3,2,-2.0569516854842043,2.4279735897347665,0.621753126709727,-0.2053008816975343,0.9390920752142168,0.06295825589400847
mp-24964,SrFeO2,0,0.9267131722582503,-1.3993116064997204,-1.9408754205202594,-1.2942150164698503,-0.3077080025816816,-0.5113918503299555
mp-7438,KZnSb,0,1.9469720679251925,-0.9769431479875506,0.4225383177621094,-0.9841496524261465,-0.27646122986680316,-0.05509744577493368
mp-27294,Ca3AsBr3,1,-0.33516861473092313,-0.2872592466887515,0.4733128860762997,0.31791075075639075,-0.40907223419352884,0.13206558974164365
mp-30315,Ca3BN3,2,-0.16226677580448384,0.6025596717102253,0.15984343064313528,0.26528637045773934,-1.640344497522738,0.13570489996334056
mp-12317,SrCN2,2,-1.0790354029031244,0.9305287445892504,-0.18204484455509773,-0.5423299950031203,-0.36777190395553416,0.08550343336637994
mp-7639,Na2CuP,0,0.42866751381038304,-0.3416129083639015,0.30451599501232773,-0.31823161947731576,-1.0232011195659272,-0.021625609930078265
mp-28243,RbLiCl2,2,-1.8897390850359754,1.094465525403343,1.473818288681657,0.15448783351603784,0.6039605988800765,0.16570672031039949
mp-4482,NaSbO3,2,-0.5181009450243406,0.4512071697514539,-0.40223811274624655,0.28635710521811386,0.19001567854813622,0.1674009724360459
mp-23038,CsVBr3,1,-0.09921909326524396,-1.0539333293385547,0.9567015900676598,1.5633815147350274,-0.3194090079765194,0.3665265060253454
mp-8623,K2Te2Pt,0,0.6160283977513774,-0.5562398565303671,-0.6156818199719285,0.34142874740392465,-0.1772884097024852,0.055327113613907374
mp-27839,K2TiCl6,1,-0.9940493047561726,0.08112341645824897,1.3576034847744918,0.6618378553672151,-0.7063238370609581,0.2582248458481301
mp-9144,LiAsF6,2,-1.738077139014755,1.3026087735020553,0.1690555511421122,-0.5421892854498792,0.6069273110413369,0.11365906118433519
mp-557257,KVF3,2,-0.8980509001224908,1.0170355177895407,-0.2222445778714798,0.1528079019011117,-0.9525193325736415,0.2891073365219683
mp-28075,K2Ti2O5,2,-1.1028824745360017,0.7929542594223528,0.49927036526545726,-0.02372533392983365,-0.2403061508744474,0.1465091476335732
mp-29151,Li5NCl2,2,-0.9906921518524469,0.6314181005853539,0.5034594015255974,-0.2737913755005252,-1.2958026595658791,0.14877006386124939
mp-7067,Ca(CdAs)2,0,3.5468444135939525,0.2856554744829225,0.21284631635636342,-0.8911326679863016,-0.04861983707118958,0.07986924055887387
mp-8714,Rb2MnS2,1,-0.3432501274850185,-1.0349779499504024,1.0228423792017889,0.7823006077951846,-0.4432478801098399,0.2149681826144002
mp-8861,Rb2MgF4,2,-1.9010706676389653,1.5221539816631176,0.23978027949031214,-0.47271653789079693,1.3356884153771988,0.094211766836735
mp-760417,Rb4I2O,1,-0.39570745219788467,-0.7471388290874117,0.9344509970331863,1.1989477409268192,-0.6320271525196044,0.3575354452204809
mp-24292,Sr2H6Ru,2,-0.4062841778759635,0.595529145182182,-0.3507430081781215,0.16235307924359227,-0.283909435291158,0.145985217328968
mp-10226,NaYS2,2,-0.5694318120526183,0.8109851854875368,-0.015105573090417474,-0.18847793263046547,-0.6865943418827085,0.07907546920900643
mp-552729,KIO3,2,-0.7002772813060736,0.9473925071929136,-0.237179526917963,0.10580536685549843,-0.3991679274918259,0.17695733365737615
mp-16764,RbYTe2,1,0.21176670075432247,-0.9018616930951747,0.6206944739916599,1.0137492508032926,0.2278250233792461,0.16495503191973546
mp-8621,K2PtSe2,0,0.44240621152689313,-0.3419645177532738,-0.7662772057821465,0.24405501107919836,-0.27443442855791533,0.062414673807605195
mp-9565,Ca(MgSb)2,0,0.6220226777256539,-0.390616061574876,-0.1479439558568393,-0.3167916579507136,-0.6596590935605204,-0.03674654428909529
mp-27882,Cs2GeCl6,1,-0.8392108964645507,-0.5987236490620312,1.1041700607454157,0.7136387132380091,-0.07135114009797489,0.2551484831752106
mp-27315,CaTiF6,2,-1.782214168422595,0.9123540443495805,0.6892668700974497,-0.5002165593523078,0.21730526829552413,0.12620655111869988
mp-7569,KAsF6,2,-1.7389687844761925,1.240968601561201,0.3796776416042642,-0.3217367387635625,0.47919016176706714,0.17041347265566373
mp-20727,Sb2PbO6,0,0.238908278295514,0.9912648875501785,-0.7513924710555082,1.4290153105131063,0.2887492905925243,0.2558197034244723
mp-11020,GaAgO2,0,0.94763396773934,-0.006648865224868473,-1.6254024131197367,0.7569144311426678,-0.002870950617748419,0.14591334990897026
mp-11824,Ca3PN,2,0.5997835740779655,1.7024217933021542,1.0828588621241315,0.5358513159380154,-1.738591931260231,-0.6157996567644677
mp-23021,K2ReBr6,1,-0.20874614800310842,-0.29606208845585075,1.0444526027769918,1.692838345400618,-0.4680116110363984,0.3512056735065149
mp-13907,CdSnF6,2,-1.0402570665400093,0.7196937936921075,-0.236228210706377,0.013489907212257698,0.5621168458382073,0.15324497399483977
mp-8279,Ba(CdP)2,0,1.2064357494811633,0.11880029219867627,-0.4859887468089107,0.2680830298833798,-0.3267730782945839,0.016975244460986617
mp-9567,Ba(MgSb)2,0,0.7234887634232554,-0.49686932180749527,-0.18215235136130223,-0.1080915465101132,-0.39543313820250353,-0.01896060565638104
mp-22628,CsNO3,2,-1.0027823344035594,1.1178527151745852,0.8226584503740029,0.8515182080236865,-0.19009260952975976,0.19764074041019725
mp-23046,SrIF,2,-0.9798927754302714,0.5285059688614254,0.04314232898417798,0.0061886060810169615,1.0077484908535075,0.07545326150072452
mp-6980,ScCuS2,0,0.581019464805716,0.39503428537626556,-0.4623967458813419,-0.33000890539029776,-0.9428623711293466,-0.023295913732872243
mp-560023,NiSnF6,2,-1.0429920001208965,0.7244542032220528,-0.41996295288523855,-0.28342014926455456,0.6748770639313867,0.0664795096333244
mp-9570,Ca(CdP)2,0,0.9339774758395513,0.31945475408883833,-0.36178241104747666,0.12037994697794382,-0.5683434088275237,-0.0011873313456491684
mp-9881,KAuSe,0,0.00837707612479434,0.15401945126147437,-0.18267691894450167,0.996617869718184,0.15817844328505226,0.23173330915499324
mp-8399,CsCdF3,2,-0.7152762124998953,1.335940734232982,-0.5951450366772671,0.626813121902735,0.3255649849546801,0.28235300641070965
mp-510281,FeCuO2,0,0.7390520031988475,0.24755362538096098,-1.3645629782833837,-0.15561048648849657,-0.5235284678417746,0.007288658574362881
mp-29484,K4HgAs2,1,0.006567034200530287,-1.4274179121576362,0.6617838400745668,0.19168501756598477,-0.5589639467803422,0.030913366516698473
mp-30925,La(NO2)3,2,-0.7397934926013825,0.3961138986241992,0.05673963147145435,0.11249998840733973,-0.5260327113318183,0.19055337397265598
mp-34467,Zn(GaS2)2,0,-0.08439331737301005,-0.4659478788576932,-0.2430458612613324,-0.518015741105792,-0.1755621801165482,-0.09651245160096653
mp-5967,TiCoSb,0,2.23603650879546,0.6606567684833226,-1.477896836754125,-0.05892710959214085,0.43740788534823816,-0.018928901737253007
mp-11520,YNiSb,0,2.261708743430466,-0.4670426757790104,-1.7890459569596906,-0.5971093371997623,0.23264988273776588,-0.09121155208231421
mp-19308,Li2NiO2,2,-0.9138718592359167,1.0583573795438097,-0.31040588686410553,-0.2651976075638484,0.24043109013790911,0.08205416343386274
mp-558111,Rb2MnF6,2,-1.1413358155890723,0.4376604159608019,0.2632233890467924,0.07355492666377002,0.08194768101006862,0.19734520100626216
mp-9143,LiPF6,2,-2.5482676759749974,1.9631342205390592,0.5831851394171383,-1.1053131517256372,1.4795412164533683,0.015898004522742704
mp-28405,S(ClO)2,1,-1.3604444816387498,-0.9354891221992327,1.133098529820539,-0.8392963655328461,0.3119201598166617,-0.17501151791338845
mp-23072,BiBrO,0,0.9907185483706391,2.0920211553061385,-0.18056151815474938,1.9902022721411796,0.49085751204934697,-0.45735705986111097
mp-34127,K2NaAs,1,0.38862124105545176,-1.5111251089854423,0.9927166067535479,-0.24597910481466106,-1.0278521822846354,-0.03737165767159728
mp-9158,LiCuO2,0,0.5845153437316578,0.4745175593056437,-0.9765171441424892,-0.13000403484082437,-1.180213451687231,0.04839816634487266
mp-3589,BPO4,2,-2.2083027866811387,1.400363562866132,0.14012335305688917,-1.8342764845388877,1.508573123217606,-0.259693297828837
mp-4547,La2TeO2,0,0.4345128579912464,1.16540982979451,-0.7365385963554977,1.103401095184693,0.2483332004739098,0.11498761243032642
mp-27850,TiNCl,2,0.9409578902386743,1.8984758837718785,1.1546946247736813,0.8127766154756637,-1.7636849109908457,-0.8532484064704579
mp-38117,Ba(GaTe2)2,0,0.8560118923256084,-1.2432078087648302,-0.07960141272344748,0.5429121569906407,0.045764188299394534,0.04091040950846275
mp-10492,Rb2SiF6,2,-2.2479190136747595,1.3911580892304456,0.7197009918119044,-0.6171637190736968,1.658531501967186,0.06097543225185969
mp-36582,NaHS,2,-1.3384762236575782,1.00893557107108,0.1370024115896291,-0.948244649800747,-0.8686182565292181,0.04481370026115219
mp-7929,Rb2PtS2,0,0.3048915076266647,-0.22027820714606688,-0.8216702886357491,0.2700365633465391,-0.12062201945914242,0.07405238368262645
mp-19340,LiVO2,2,-0.305800285319483,1.2936723552556868,-0.5549340108752916,0.10525616056759879,-0.9300399578971147,0.12366710814744909
mp-9687,K2PAu,1,0.24657273626608345,-0.34874277187620445,0.3574918970470152,0.8701664641698417,-0.37709356263862714,0.1705803776881029
mp-12814,Ba3SbN,1,1.2191363817530878,0.010543363200180915,1.487303341678057,2.068814096882787,0.009907759459208089,-0.152024550751077
mp-3277,BAsO4,2,-1.1603778382669139,0.7266561675103187,-0.3936225978696813,-1.0122309684834772,0.41893742378796206,-0.09928994026132698
mp-30055,Rb3BrO,2,-0.11359343867264275,0.7084940788945691,0.6053712272068981,1.280396349080185,-1.4834952577426237,0.16320820622758941
mp-4809,Ga2HgS4,0,0.2126933374348528,-0.2569791057105688,-0.3288603188366663,0.16498697390615258,-0.054031752287890415,0.04405541459238567
mp-14206,K3Ag3As2,1,0.31319558566784944,-0.6611187154143069,0.2751950287706767,0.36557377546801606,-0.12447270897795668,0.05969385166565331
mp-9845,RbCaAs,1,-0.20441286661163344,-0.35817465017001054,0.6025968754542327,0.2824922151093939,-0.6583945079054779,0.11421017566135806
mp-14791,Ge2Te5As2,0,5.515069096774062,0.272276098270927,1.8793319794427668,-0.9520629013211136,0.8986450784861323,0.4043274929610181
mp-9437,NbFeSb,0,3.0509412802046714,1.1779330680396018,-1.40969511241774,0.5558878313900174,0.4422943519548382,-0.04256033920754253
mp-24517,Rb2CaH4,2,-1.3284499353503691,0.7773331471471288,0.7040784897051859,-0.10182392684265569,-0.38932816309318996,0.17287923993467497
mp-540570,MgVO3,2,-0.8657930345535645,-0.019467080496901504,0.1425462032903838,-0.5227569474808761,-0.27907203574906875,0.0030909232867067787
mp-19156,BaMnO3,0,0.06342280426482245,0.654526207083973,-0.43166803366231643,0.9046483958889038,0.04119973609584439,0.1985647412193515
mp-8547,PdPtF6,0,0.9360821818300424,-0.8356856160834164,-1.5908427822312206,-0.16340543906300592,0.15037935169853459,-0.14785380495364125
mp-4226,LiCrS2,0,0.4732784697524563,0.08747303665414986,-0.46151958953256295,-0.7474463655886645,-1.218130087049434,-0.06656656653437978
mp-14116,CuRhO2,0,1.5698596781650132,-0.5461239567455722,-2.0806611598597406,-0.7644749112743301,0.4065446934737943,-0.2370284508545372
mp-23859,CaHCl,2,-1.324662907205588,1.0660833425274894,0.38367614636422154,-0.5554431485386119,-0.19616903351788953,0.05998193383358833
mp-10161,KZnSb,0,1.9183530940735518,-0.4991591786499067,-0.23947537506199512,-1.4173987716025753,-0.6448533676243554,-0.1032386396547288
mp-5342,GaAgS2,0,0.49812560734800404,-0.924561883463099,-0.448755220122436,-0.14738506951615346,-0.1748852530082053,-0.07152227293814235
mp-9775,NaSrAs,1,0.39401825901127885,-0.5684035324833457,0.7097914285184336,0.5648383129498852,-0.5196942653323242,0.08709659148712087
mp-19833,InAgS2,0,0.895574496559365,-1.1966947020698628,-0.3513608529352547,0.001442217244202748,-0.25103731572014865,-0.05116396473126026
mp-31235,BaNaBi,1,1.541255437757609,-1.4578359066703375,0.7403306874587324,0.9675097232630294,0.30049041744296273,0.09503648684072216
mp-23862,BaHI,2,-0.3745694399616082,0.2828353748570994,-0.11567774843803227,0.4732488747590652,0.46952813882945416,0.1449934841789167
mp-10223,Na2PdS2,1,0.11601007866686767,-0.6625634695239611,0.26853064774318425,0.12266148415041214,-0.59885825129556,0.055012681300078546
mp-20930,InCuO2,0,0.8663395814086793,-0.15935035861290328,-1.830079587216981,0.17643868796337642,-0.46692198464012225,0.04295089346083005
mp-10166,NaAlSe2,2,-0.37217927612472135,0.2098828095640058,0.4395155487100446,0.3561192656471407,-0.2524438753192752,0.12017366542358675
mp-4586,LiAlTe2,1,-0.09347410808921161,-1.1931435491588032,0.2446485531808993,-0.41649913362822644,0.570919698677011,-0.18722329477793026
mp-27421,RbBiF6,2,-0.7402283438261955,0.5237570680160297,-0.1896564637982264,0.5587672249235507,0.025294377269905032,0.2917912818822085
mp-8405,Li3LaSb2,0,1.5101504699203574,0.14700853882202616,-0.09953067665536444,0.20498817088849774,-0.6937561772336359,-0.020576563448494643
mp-2918,YCuO2,2,-0.2923533883627322,0.5777589414272155,-0.4291085680483566,0.24560664696343276,0.20299610525623957,0.11522695421997431
mp-557397,K2MnF6,2,-1.3010503764912682,0.6302987858490281,0.40129708072591147,-0.08079716115670055,-0.23606756772436288,0.20631734985856698
mp-8147,K2As2Pd,1,0.5056577398911689,-1.5344613456006897,0.6135396033380008,0.2743012799504569,-0.20295943708838693,0.0018826302056321172
mp-30459,ScNiBi,0,2.957500502506506,-0.22063784008988874,-2.1330087612795388,-0.20240426374022497,0.6852817358186412,0.015712302687299395
mp-864954,MgMoN2,0,1.3661502644269945,-0.30448769199973147,-1.5328961547490914,-0.28664418229690747,0.05333386010314441,-0.08295063639594227
mp-14088,Rb2PdF6,2,-0.7419223221417418,0.16451537552332293,0.028247976112909697,0.3852979364339632,-0.2308500426234575,0.2469208165950871
mp-690794,Sr2HN,2,-0.17988057447467842,1.2627657335043068,-0.12928420805078267,0.37872027997084845,-0.8188379680616896,0.06043131629452266
mp-7128,Cd(AsO3)2,0,-0.00977107509811323,0.7280644192805398,-0.8646904315755862,0.7091952651541432,-0.0038069492669986255,0.22328418109696624
mp-13948,Cs2HfF6,2,-1.9322465536812692,1.7462230850800142,0.5512503657539389,0.25505967656783074,2.2904498796956756,0.16656695975740984
mp-23060,Cs2PtI6,1,0.33506167103115275,-1.7760243743745152,0.9454541339037991,1.6768424946645286,0.35038306861681257,0.26689815350172863
mp-766862,Li2VF6,2,-0.8447295942315998,0.988261204809323,0.017650045540349206,0.3016596643671865,-1.0232922289699986,0.27851992190927805
mp-9778,K2AgP,1,-0.038031336796475725,-0.874722455646349,0.5594781884233738,-0.012620344253811677,-0.4776031012551935,0.016170281895851
mp-690785,Na2H6Pt,2,-0.8997670381686654,0.7689017763268888,-0.3619371587604317,-0.2874733370526446,0.3136817335936803,0.07195779857431445
mp-8192,Rb2PtF6,2,-0.5911681483934645,0.4977476176490328,-0.32296595671297607,0.7208674837325315,0.24666981273106753,0.2945281416441869
mp-14092,AlAgTe2,0,0.8495721382495441,-1.6305578845929878,-0.25693000261682114,-0.036804532400313214,0.46407829175095366,-0.1503466963632554
mp-3038,Al2HgSe4,0,0.4108567326281754,-0.5549438696673614,-0.3559007324291619,0.22861065147794601,0.1288135794767848,0.020507751049450434
mp-578614,NaCrO2,2,-0.5690903455944778,0.8888795128167297,-0.7929583673778593,-0.5201114414367554,-0.1408851395145085,0.02204053408235761
mp-22965,BiTeI,0,0.9292278792351918,0.6098926969567128,-0.6828661050250232,0.7699108080446487,0.023060301990259987,0.06391888215332227
mp-7176,RbLaSe2,2,-0.2550478262504724,0.5151113228151232,-0.22384261089409263,0.3480213066408826,-0.0301233152824872,0.13284780343493602
mp-27176,NaMnCl3,1,-0.9605776594775319,-0.19148601871631882,0.9988434335421783,0.3488898614122924,-0.4231586585657433,0.2163372468799211
mp-9361,RbLaS2,2,-0.5915389398665878,0.7771840942182165,0.0046156689043467996,0.14294013127748803,-0.2028294557599607,0.12561843558292726
mp-5588,BaSiF6,2,-2.1574596847560237,2.147426432692983,0.3009625515540105,-0.3852747918326183,1.8989626541683844,0.09879582160922046
mp-30058,TlSbO3,0,0.020745249886355076,0.08571709531387314,-0.570732079539358,1.0104585030005457,0.8210740270365144,0.21696593463368247
mp-23860,SrHCl,2,-1.1857872493934403,0.9808266870847246,0.16085172617120225,-0.2746268755102764,0.277625606517124,0.09105506929230546
mp-605034,K2NiF6,2,-0.9276106374121692,0.196721807526553,0.08423471945438538,-0.13347340135244964,-0.5143920591787131,0.15719010837535416
mp-568032,Cd(InSe2)2,0,0.6777581514186245,-0.9860728598367573,-0.3701420759912457,0.2992017240000519,0.06330030318137382,0.0035086105331559496
mp-696944,LaHBr2,2,-0.610138101137151,-0.29892989912919055,0.12335199879743938,-0.02898597922899588,1.0020980518081541,-0.02441531318895467
mp-16238,Li2AgSb,3,16.108232333948166,5.73541801052666,6.870761697466011,-5.7516885773227395,1.2185123905218103,2.4846837189458246
mp-4405,Rb3AuO,0,0.45886684995916865,0.3092975108925541,0.16386986130179257,1.1660443139048666,-1.0446428576732885,0.15971526974684813
mp-3486,KSnSb,0,1.0983099071789042,-1.5733627580145686,0.020159929216108274,-0.38097779775818064,-0.29907258275924214,-0.1220208160376858
